SET SQL_MODE = "NO_AUTO_VALUE_ON_ZERO";
START TRANSACTION;
SET time_zone = "+00:00";

CREATE TABLE `admin_session` (
  `datetime` datetime NOT NULL,
  `session_id` varchar(255) COLLATE utf8mb4_0900_as_cs NOT NULL,
  `user_id` int NOT NULL
) ENGINE=InnoDB DEFAULT CHARSET=utf8mb4 COLLATE=utf8mb4_0900_as_cs;

CREATE TABLE `admin_user` (
  `id` int NOT NULL,
  `name` varchar(255) COLLATE utf8mb4_0900_as_cs NOT NULL,
  `login_id` varchar(255) COLLATE utf8mb4_0900_as_cs NOT NULL,
  `password` varchar(255) COLLATE utf8mb4_0900_as_cs NOT NULL,
  `is_active` tinyint(1) NOT NULL,
  `is_delete` tinyint(1) NOT NULL
) ENGINE=InnoDB DEFAULT CHARSET=utf8mb4 COLLATE=utf8mb4_0900_as_cs;

INSERT INTO `admin_user` (`id`, `name`, `login_id`, `password`, `is_active`, `is_delete`) VALUES
(1, 'Admin 1', 'admin1', 'cc03e747a6afbbcbf8be7668acfebee5', 1, 0),
(2, 'Admin 2', 'admin2', 'cc03e747a6afbbcbf8be7668acfebee5', 1, 0),
(3, 'Admin 3', 'admin3', 'cc03e747a6afbbcbf8be7668acfebee5', 1, 0);

CREATE TABLE `course` (
  `id` int NOT NULL,
  `code` varchar(255) COLLATE utf8mb4_0900_as_cs NOT NULL,
  `name` varchar(255) COLLATE utf8mb4_0900_as_cs NOT NULL,
  `description` mediumtext COLLATE utf8mb4_0900_as_cs,
  `is_active` tinyint(1) NOT NULL,
  `is_delete` tinyint(1) NOT NULL
) ENGINE=InnoDB DEFAULT CHARSET=utf8mb4 COLLATE=utf8mb4_0900_as_cs;

INSERT INTO `course` (`id`, `code`, `name`, `description`, `is_active`, `is_delete`) VALUES
(1, 'COMP 1080SEF', 'Introduction to Computer Programming', 'Contrary to popular belief, Lorem Ipsum is not simply random text. It has roots in a piece of classical Latin literature from 45 BC, making it over 2000 years old. Richard McClintock, a Latin professor at Hampden-Sydney College in Virginia, looked up one of the more obscure Latin words, consectetur, from a Lorem Ipsum passage, and going through the cites of the word in classical literature, discovered the undoubtable source. Lorem Ipsum comes from sections 1.10.32 and 1.10.33 of \"de Finibus Bonorum et Malorum\" (The Extremes of Good and Evil) by Cicero, written in 45 BC. This book is a treatise on the theory of ethics, very popular during the Renaissance. The first line of Lorem Ipsum, \"Lorem ipsum dolor sit amet..\", comes from a line in section 1.10.32.\r\n\r\nThe standard chunk of Lorem Ipsum used since the 1500s is reproduced below for those interested. Sections 1.10.32 and 1.10.33 from \"de Finibus Bonorum et Malorum\" by Cicero are also reproduced in their exact original form, accompanied by English versions from the 1914 translation by H. Rackham.', 1, 0),
(2, 'IT 1020SEF', 'Computing Fundamentals', 'Contrary to popular belief, Lorem Ipsum is not simply random text. It has roots in a piece of classical Latin literature from 45 BC, making it over 2000 years old. Richard McClintock, a Latin professor at Hampden-Sydney College in Virginia, looked up one of the more obscure Latin words, consectetur, from a Lorem Ipsum passage, and going through the cites of the word in classical literature, discovered the undoubtable source. Lorem Ipsum comes from sections 1.10.32 and 1.10.33 of \"de Finibus Bonorum et Malorum\" (The Extremes of Good and Evil) by Cicero, written in 45 BC. This book is a treatise on the theory of ethics, very popular during the Renaissance. The first line of Lorem Ipsum, \"Lorem ipsum dolor sit amet..\", comes from a line in section 1.10.32.\r\n\r\nThe standard chunk of Lorem Ipsum used since the 1500s is reproduced below for those interested. Sections 1.10.32 and 1.10.33 from \"de Finibus Bonorum et Malorum\" by Cicero are also reproduced in their exact original form, accompanied by English versions from the 1914 translation by H. Rackham.', 1, 0),
(3, 'COMP S202F', 'Java Programming Fundamentals', 'Contrary to popular belief, Lorem Ipsum is not simply random text. It has roots in a piece of classical Latin literature from 45 BC, making it over 2000 years old. Richard McClintock, a Latin professor at Hampden-Sydney College in Virginia, looked up one of the more obscure Latin words, consectetur, from a Lorem Ipsum passage, and going through the cites of the word in classical literature, discovered the undoubtable source. Lorem Ipsum comes from sections 1.10.32 and 1.10.33 of \"de Finibus Bonorum et Malorum\" (The Extremes of Good and Evil) by Cicero, written in 45 BC. This book is a treatise on the theory of ethics, very popular during the Renaissance. The first line of Lorem Ipsum, \"Lorem ipsum dolor sit amet..\", comes from a line in section 1.10.32.\r\n\r\nThe standard chunk of Lorem Ipsum used since the 1500s is reproduced below for those interested. Sections 1.10.32 and 1.10.33 from \"de Finibus Bonorum et Malorum\" by Cicero are also reproduced in their exact original form, accompanied by English versions from the 1914 translation by H. Rackham.', 1, 0),
(4, 'COMP S208F', 'Introduction to Computer Programming', 'Contrary to popular belief, Lorem Ipsum is not simply random text. It has roots in a piece of classical Latin literature from 45 BC, making it over 2000 years old. Richard McClintock, a Latin professor at Hampden-Sydney College in Virginia, looked up one of the more obscure Latin words, consectetur, from a Lorem Ipsum passage, and going through the cites of the word in classical literature, discovered the undoubtable source. Lorem Ipsum comes from sections 1.10.32 and 1.10.33 of \"de Finibus Bonorum et Malorum\" (The Extremes of Good and Evil) by Cicero, written in 45 BC. This book is a treatise on the theory of ethics, very popular during the Renaissance. The first line of Lorem Ipsum, \"Lorem ipsum dolor sit amet..\", comes from a line in section 1.10.32.\r\n\r\nThe standard chunk of Lorem Ipsum used since the 1500s is reproduced below for those interested. Sections 1.10.32 and 1.10.33 from \"de Finibus Bonorum et Malorum\" by Cicero are also reproduced in their exact original form, accompanied by English versions from the 1914 translation by H. Rackham.', 1, 0),
(5, 'COMP S209F', 'Data Structures, Algorithms, and Problem Solving', 'Contrary to popular belief, Lorem Ipsum is not simply random text. It has roots in a piece of classical Latin literature from 45 BC, making it over 2000 years old. Richard McClintock, a Latin professor at Hampden-Sydney College in Virginia, looked up one of the more obscure Latin words, consectetur, from a Lorem Ipsum passage, and going through the cites of the word in classical literature, discovered the undoubtable source. Lorem Ipsum comes from sections 1.10.32 and 1.10.33 of \"de Finibus Bonorum et Malorum\" (The Extremes of Good and Evil) by Cicero, written in 45 BC. This book is a treatise on the theory of ethics, very popular during the Renaissance. The first line of Lorem Ipsum, \"Lorem ipsum dolor sit amet..\", comes from a line in section 1.10.32.\r\n\r\nThe standard chunk of Lorem Ipsum used since the 1500s is reproduced below for those interested. Sections 1.10.32 and 1.10.33 from \"de Finibus Bonorum et Malorum\" by Cicero are also reproduced in their exact original form, accompanied by English versions from the 1914 translation by H. Rackham.', 1, 0),
(6, 'COMP S264F', 'Discrete Mathematics', 'Contrary to popular belief, Lorem Ipsum is not simply random text. It has roots in a piece of classical Latin literature from 45 BC, making it over 2000 years old. Richard McClintock, a Latin professor at Hampden-Sydney College in Virginia, looked up one of the more obscure Latin words, consectetur, from a Lorem Ipsum passage, and going through the cites of the word in classical literature, discovered the undoubtable source. Lorem Ipsum comes from sections 1.10.32 and 1.10.33 of \"de Finibus Bonorum et Malorum\" (The Extremes of Good and Evil) by Cicero, written in 45 BC. This book is a treatise on the theory of ethics, very popular during the Renaissance. The first line of Lorem Ipsum, \"Lorem ipsum dolor sit amet..\", comes from a line in section 1.10.32.\r\n\r\nThe standard chunk of Lorem Ipsum used since the 1500s is reproduced below for those interested. Sections 1.10.32 and 1.10.33 from \"de Finibus Bonorum et Malorum\" by Cicero are also reproduced in their exact original form, accompanied by English versions from the 1914 translation by H. Rackham.', 1, 0),
(7, 'COMP S266F', 'Computer Architecture', 'Contrary to popular belief, Lorem Ipsum is not simply random text. It has roots in a piece of classical Latin literature from 45 BC, making it over 2000 years old. Richard McClintock, a Latin professor at Hampden-Sydney College in Virginia, looked up one of the more obscure Latin words, consectetur, from a Lorem Ipsum passage, and going through the cites of the word in classical literature, discovered the undoubtable source. Lorem Ipsum comes from sections 1.10.32 and 1.10.33 of \"de Finibus Bonorum et Malorum\" (The Extremes of Good and Evil) by Cicero, written in 45 BC. This book is a treatise on the theory of ethics, very popular during the Renaissance. The first line of Lorem Ipsum, \"Lorem ipsum dolor sit amet..\", comes from a line in section 1.10.32.\r\n\r\nThe standard chunk of Lorem Ipsum used since the 1500s is reproduced below for those interested. Sections 1.10.32 and 1.10.33 from \"de Finibus Bonorum et Malorum\" by Cicero are also reproduced in their exact original form, accompanied by English versions from the 1914 translation by H. Rackham.', 1, 0),
(8, 'COMP S267F', 'Operating Systems', 'Contrary to popular belief, Lorem Ipsum is not simply random text. It has roots in a piece of classical Latin literature from 45 BC, making it over 2000 years old. Richard McClintock, a Latin professor at Hampden-Sydney College in Virginia, looked up one of the more obscure Latin words, consectetur, from a Lorem Ipsum passage, and going through the cites of the word in classical literature, discovered the undoubtable source. Lorem Ipsum comes from sections 1.10.32 and 1.10.33 of \"de Finibus Bonorum et Malorum\" (The Extremes of Good and Evil) by Cicero, written in 45 BC. This book is a treatise on the theory of ethics, very popular during the Renaissance. The first line of Lorem Ipsum, \"Lorem ipsum dolor sit amet..\", comes from a line in section 1.10.32.\r\n\r\nThe standard chunk of Lorem Ipsum used since the 1500s is reproduced below for those interested. Sections 1.10.32 and 1.10.33 from \"de Finibus Bonorum et Malorum\" by Cicero are also reproduced in their exact original form, accompanied by English versions from the 1914 translation by H. Rackham.', 1, 0),
(9, 'COMP S265F', 'Design and Analysis of Algorithms', 'Contrary to popular belief, Lorem Ipsum is not simply random text. It has roots in a piece of classical Latin literature from 45 BC, making it over 2000 years old. Richard McClintock, a Latin professor at Hampden-Sydney College in Virginia, looked up one of the more obscure Latin words, consectetur, from a Lorem Ipsum passage, and going through the cites of the word in classical literature, discovered the undoubtable source. Lorem Ipsum comes from sections 1.10.32 and 1.10.33 of \"de Finibus Bonorum et Malorum\" (The Extremes of Good and Evil) by Cicero, written in 45 BC. This book is a treatise on the theory of ethics, very popular during the Renaissance. The first line of Lorem Ipsum, \"Lorem ipsum dolor sit amet..\", comes from a line in section 1.10.32.\r\n\r\nThe standard chunk of Lorem Ipsum used since the 1500s is reproduced below for those interested. Sections 1.10.32 and 1.10.33 from \"de Finibus Bonorum et Malorum\" by Cicero are also reproduced in their exact original form, accompanied by English versions from the 1914 translation by H. Rackham.', 1, 0),
(10, 'COMP S312F', 'Java Application Development', 'Contrary to popular belief, Lorem Ipsum is not simply random text. It has roots in a piece of classical Latin literature from 45 BC, making it over 2000 years old. Richard McClintock, a Latin professor at Hampden-Sydney College in Virginia, looked up one of the more obscure Latin words, consectetur, from a Lorem Ipsum passage, and going through the cites of the word in classical literature, discovered the undoubtable source. Lorem Ipsum comes from sections 1.10.32 and 1.10.33 of \"de Finibus Bonorum et Malorum\" (The Extremes of Good and Evil) by Cicero, written in 45 BC. This book is a treatise on the theory of ethics, very popular during the Renaissance. The first line of Lorem Ipsum, \"Lorem ipsum dolor sit amet..\", comes from a line in section 1.10.32.\r\n\r\nThe standard chunk of Lorem Ipsum used since the 1500s is reproduced below for those interested. Sections 1.10.32 and 1.10.33 from \"de Finibus Bonorum et Malorum\" by Cicero are also reproduced in their exact original form, accompanied by English versions from the 1914 translation by H. Rackham.', 1, 0),
(11, 'COMP S313F', 'Mobile Application Programming', 'Contrary to popular belief, Lorem Ipsum is not simply random text. It has roots in a piece of classical Latin literature from 45 BC, making it over 2000 years old. Richard McClintock, a Latin professor at Hampden-Sydney College in Virginia, looked up one of the more obscure Latin words, consectetur, from a Lorem Ipsum passage, and going through the cites of the word in classical literature, discovered the undoubtable source. Lorem Ipsum comes from sections 1.10.32 and 1.10.33 of \"de Finibus Bonorum et Malorum\" (The Extremes of Good and Evil) by Cicero, written in 45 BC. This book is a treatise on the theory of ethics, very popular during the Renaissance. The first line of Lorem Ipsum, \"Lorem ipsum dolor sit amet..\", comes from a line in section 1.10.32.\r\n\r\nThe standard chunk of Lorem Ipsum used since the 1500s is reproduced below for those interested. Sections 1.10.32 and 1.10.33 from \"de Finibus Bonorum et Malorum\" by Cicero are also reproduced in their exact original form, accompanied by English versions from the 1914 translation by H. Rackham.', 1, 0),
(12, 'COMP S320F', 'Database Management', 'Contrary to popular belief, Lorem Ipsum is not simply random text. It has roots in a piece of classical Latin literature from 45 BC, making it over 2000 years old. Richard McClintock, a Latin professor at Hampden-Sydney College in Virginia, looked up one of the more obscure Latin words, consectetur, from a Lorem Ipsum passage, and going through the cites of the word in classical literature, discovered the undoubtable source. Lorem Ipsum comes from sections 1.10.32 and 1.10.33 of \"de Finibus Bonorum et Malorum\" (The Extremes of Good and Evil) by Cicero, written in 45 BC. This book is a treatise on the theory of ethics, very popular during the Renaissance. The first line of Lorem Ipsum, \"Lorem ipsum dolor sit amet..\", comes from a line in section 1.10.32.\r\n\r\nThe standard chunk of Lorem Ipsum used since the 1500s is reproduced below for those interested. Sections 1.10.32 and 1.10.33 from \"de Finibus Bonorum et Malorum\" by Cicero are also reproduced in their exact original form, accompanied by English versions from the 1914 translation by H. Rackham.', 1, 0),
(13, 'COMP S350F', 'Software Engineering', 'Contrary to popular belief, Lorem Ipsum is not simply random text. It has roots in a piece of classical Latin literature from 45 BC, making it over 2000 years old. Richard McClintock, a Latin professor at Hampden-Sydney College in Virginia, looked up one of the more obscure Latin words, consectetur, from a Lorem Ipsum passage, and going through the cites of the word in classical literature, discovered the undoubtable source. Lorem Ipsum comes from sections 1.10.32 and 1.10.33 of \"de Finibus Bonorum et Malorum\" (The Extremes of Good and Evil) by Cicero, written in 45 BC. This book is a treatise on the theory of ethics, very popular during the Renaissance. The first line of Lorem Ipsum, \"Lorem ipsum dolor sit amet..\", comes from a line in section 1.10.32.\r\n\r\nThe standard chunk of Lorem Ipsum used since the 1500s is reproduced below for those interested. Sections 1.10.32 and 1.10.33 from \"de Finibus Bonorum et Malorum\" by Cicero are also reproduced in their exact original form, accompanied by English versions from the 1914 translation by H. Rackham.', 1, 0),
(14, 'COMP S380F', 'Web Applications: Design and  Development', 'Contrary to popular belief, Lorem Ipsum is not simply random text. It has roots in a piece of classical Latin literature from 45 BC, making it over 2000 years old. Richard McClintock, a Latin professor at Hampden-Sydney College in Virginia, looked up one of the more obscure Latin words, consectetur, from a Lorem Ipsum passage, and going through the cites of the word in classical literature, discovered the undoubtable source. Lorem Ipsum comes from sections 1.10.32 and 1.10.33 of \"de Finibus Bonorum et Malorum\" (The Extremes of Good and Evil) by Cicero, written in 45 BC. This book is a treatise on the theory of ethics, very popular during the Renaissance. The first line of Lorem Ipsum, \"Lorem ipsum dolor sit amet..\", comes from a line in section 1.10.32.\r\n\r\nThe standard chunk of Lorem Ipsum used since the 1500s is reproduced below for those interested. Sections 1.10.32 and 1.10.33 from \"de Finibus Bonorum et Malorum\" by Cicero are also reproduced in their exact original form, accompanied by English versions from the 1914 translation by H. Rackham.', 1, 0),
(15, 'COMP S381F', 'Server-side Technologies and Cloud  Computing', 'Contrary to popular belief, Lorem Ipsum is not simply random text. It has roots in a piece of classical Latin literature from 45 BC, making it over 2000 years old. Richard McClintock, a Latin professor at Hampden-Sydney College in Virginia, looked up one of the more obscure Latin words, consectetur, from a Lorem Ipsum passage, and going through the cites of the word in classical literature, discovered the undoubtable source. Lorem Ipsum comes from sections 1.10.32 and 1.10.33 of \"de Finibus Bonorum et Malorum\" (The Extremes of Good and Evil) by Cicero, written in 45 BC. This book is a treatise on the theory of ethics, very popular during the Renaissance. The first line of Lorem Ipsum, \"Lorem ipsum dolor sit amet..\", comes from a line in section 1.10.32.\r\n\r\nThe standard chunk of Lorem Ipsum used since the 1500s is reproduced below for those interested. Sections 1.10.32 and 1.10.33 from \"de Finibus Bonorum et Malorum\" by Cicero are also reproduced in their exact original form, accompanied by English versions from the 1914 translation by H. Rackham.', 1, 0),
(16, 'COMP S456F', 'Software System Development Project', 'Contrary to popular belief, Lorem Ipsum is not simply random text. It has roots in a piece of classical Latin literature from 45 BC, making it over 2000 years old. Richard McClintock, a Latin professor at Hampden-Sydney College in Virginia, looked up one of the more obscure Latin words, consectetur, from a Lorem Ipsum passage, and going through the cites of the word in classical literature, discovered the undoubtable source. Lorem Ipsum comes from sections 1.10.32 and 1.10.33 of \"de Finibus Bonorum et Malorum\" (The Extremes of Good and Evil) by Cicero, written in 45 BC. This book is a treatise on the theory of ethics, very popular during the Renaissance. The first line of Lorem Ipsum, \"Lorem ipsum dolor sit amet..\", comes from a line in section 1.10.32.\r\n\r\nThe standard chunk of Lorem Ipsum used since the 1500s is reproduced below for those interested. Sections 1.10.32 and 1.10.33 from \"de Finibus Bonorum et Malorum\" by Cicero are also reproduced in their exact original form, accompanied by English versions from the 1914 translation by H. Rackham.', 1, 0),
(17, 'COMP 4210SEF', 'Advanced Database and Data Warehousing', 'Contrary to popular belief, Lorem Ipsum is not simply random text. It has roots in a piece of classical Latin literature from 45 BC, making it over 2000 years old. Richard McClintock, a Latin professor at Hampden-Sydney College in Virginia, looked up one of the more obscure Latin words, consectetur, from a Lorem Ipsum passage, and going through the cites of the word in classical literature, discovered the undoubtable source. Lorem Ipsum comes from sections 1.10.32 and 1.10.33 of \"de Finibus Bonorum et Malorum\" (The Extremes of Good and Evil) by Cicero, written in 45 BC. This book is a treatise on the theory of ethics, very popular during the Renaissance. The first line of Lorem Ipsum, \"Lorem ipsum dolor sit amet..\", comes from a line in section 1.10.32.\r\n\r\nThe standard chunk of Lorem Ipsum used since the 1500s is reproduced below for those interested. Sections 1.10.32 and 1.10.33 from \"de Finibus Bonorum et Malorum\" by Cicero are also reproduced in their exact original form, accompanied by English versions from the 1914 translation by H. Rackham.', 1, 0);

CREATE TABLE `course_score` (
  `course_id` int NOT NULL,
  `student_id` int NOT NULL,
  `study_year` year NOT NULL,
  `semester` varchar(255) COLLATE utf8mb4_0900_as_cs NOT NULL,
  `score` float DEFAULT NULL,
  `grade` char(20) CHARACTER SET utf8mb4 COLLATE utf8mb4_0900_as_cs DEFAULT NULL
) ENGINE=InnoDB DEFAULT CHARSET=utf8mb4 COLLATE=utf8mb4_0900_as_cs;

INSERT INTO `course_score` (`course_id`, `student_id`, `study_year`, `semester`, `score`, `grade`) VALUES
(1, 1, '2022', 'Winter', 77, 'B'),
(1, 2, '2023', 'Winter', 64, 'C+'),
(1, 3, '2023', 'Autumn', 77, 'B'),
(1, 4, '2023', 'Summer', NULL, NULL),
(1, 5, '2021', 'Winter', 75, 'B'),
(1, 6, '2021', 'Spring', 44, 'Fail'),
(1, 7, '2023', 'Winter', 87, 'B+'),
(1, 8, '2020', 'Summer', 40, 'Fail'),
(1, 9, '2021', 'Autumn', 51, 'C'),
(1, 10, '2023', 'Spring', NULL, NULL),
(1, 11, '2021', 'Summer', 84, 'B+'),
(1, 12, '2021', 'Summer', 85, 'B+'),
(1, 13, '2023', 'Summer', NULL, NULL),
(1, 14, '2023', 'Summer', NULL, NULL),
(1, 15, '2023', 'Spring', NULL, NULL),
(1, 16, '2021', 'Winter', 69, 'B-'),
(1, 17, '2021', 'Spring', 72, 'B-'),
(1, 18, '2021', 'Summer', 81, 'B'),
(1, 19, '2021', 'Autumn', 63, 'C+'),
(1, 20, '2023', 'Spring', NULL, NULL),
(1, 21, '2022', 'Winter', 58, 'C+'),
(1, 22, '2020', 'Autumn', 43, 'Fail'),
(1, 23, '2023', 'Spring', NULL, NULL),
(1, 24, '2023', 'Spring', NULL, NULL),
(1, 25, '2021', 'Summer', 23, 'Fail'),
(1, 26, '2022', 'Autumn', 45, 'Fail-Resit'),
(1, 27, '2021', 'Summer', 43, 'Fail'),
(1, 28, '2020', 'Summer', 74, 'B-'),
(1, 29, '2020', 'Winter', 12, 'Fail'),
(1, 30, '2022', 'Winter', 98, 'A-'),
(2, 1, '2022', 'Summer', 99, 'A-'),
(2, 2, '2021', 'Spring', 11, 'Fail'),
(2, 3, '2023', 'Winter', 93, 'A-'),
(2, 4, '2023', 'Autumn', 4, 'Fail'),
(2, 5, '2023', 'Winter', 74, 'B-'),
(2, 6, '2023', 'Spring', NULL, NULL),
(2, 7, '2021', 'Summer', 24, 'Fail'),
(2, 8, '2023', 'Summer', NULL, NULL),
(2, 9, '2022', 'Summer', 65, 'C+'),
(2, 10, '2023', 'Winter', 82, 'B'),
(2, 11, '2020', 'Winter', 59, 'C+'),
(2, 12, '2020', 'Summer', 76, 'B'),
(2, 13, '2023', 'Autumn', 62, 'C+'),
(2, 14, '2023', 'Winter', 84, 'B+'),
(2, 15, '2023', 'Summer', NULL, NULL),
(2, 16, '2020', 'Spring', 98, 'A-'),
(2, 17, '2023', 'Summer', NULL, NULL),
(2, 18, '2023', 'Summer', NULL, NULL),
(2, 19, '2021', 'Spring', 65, 'C+'),
(2, 20, '2021', 'Spring', 10, 'Fail'),
(2, 21, '2021', 'Spring', 71, 'B-'),
(2, 22, '2023', 'Winter', 90, 'B+'),
(2, 23, '2020', 'Spring', 14, 'Fail'),
(2, 24, '2022', 'Winter', 19, 'Fail'),
(2, 25, '2022', 'Summer', 5, 'Fail'),
(2, 26, '2022', 'Winter', 65, 'C+'),
(2, 27, '2020', 'Autumn', 90, 'B+'),
(2, 28, '2022', 'Winter', 55, 'C'),
(2, 29, '2023', 'Autumn', 13, 'Fail'),
(2, 30, '2022', 'Summer', 39, 'Fail'),
(3, 1, '2020', 'Summer', 31, 'Fail'),
(3, 2, '2020', 'Autumn', 49, 'Fail-Resit'),
(3, 3, '2021', 'Autumn', 93, 'A-'),
(3, 4, '2022', 'Spring', 17, 'Fail'),
(3, 5, '2020', 'Summer', 13, 'Fail'),
(3, 6, '2023', 'Winter', 92, 'B+'),
(3, 7, '2020', 'Autumn', 88, 'B+'),
(3, 8, '2022', 'Spring', 21, 'Fail'),
(3, 9, '2022', 'Winter', 59, 'C+'),
(3, 10, '2020', 'Winter', 55, 'C'),
(3, 11, '2022', 'Autumn', 93, 'A-'),
(3, 12, '2022', 'Autumn', 0, 'A'),
(3, 13, '2020', 'Summer', 34, 'Fail'),
(3, 14, '2023', 'Autumn', 34, 'Fail'),
(3, 15, '2020', 'Autumn', 73, 'B-'),
(3, 16, '2020', 'Summer', 69, 'B-'),
(3, 17, '2023', 'Winter', 52, 'C'),
(3, 18, '2021', 'Winter', 23, 'Fail'),
(3, 19, '2023', 'Summer', NULL, NULL),
(3, 20, '2022', 'Summer', 16, 'Fail'),
(3, 21, '2020', 'Spring', 43, 'Fail'),
(3, 22, '2023', 'Summer', NULL, NULL),
(3, 23, '2021', 'Winter', 85, 'B+'),
(3, 24, '2020', 'Summer', 55, 'C'),
(3, 25, '2023', 'Autumn', 22, 'Fail'),
(3, 26, '2023', 'Spring', NULL, NULL),
(3, 27, '2021', 'Winter', 83, 'B+'),
(3, 28, '2023', 'Autumn', 75, 'B'),
(3, 29, '2023', 'Spring', NULL, NULL),
(3, 30, '2020', 'Autumn', 97, 'A-'),
(4, 1, '2023', 'Summer', NULL, NULL),
(4, 2, '2021', 'Summer', 73, 'B-'),
(4, 3, '2022', 'Summer', 9, 'Fail'),
(4, 4, '2022', 'Autumn', 62, 'C+'),
(4, 5, '2022', 'Autumn', 44, 'Fail'),
(4, 6, '2023', 'Summer', NULL, NULL),
(4, 7, '2022', 'Winter', 33, 'Fail'),
(4, 8, '2020', 'Spring', 62, 'C+'),
(4, 9, '2021', 'Summer', 20, 'Fail'),
(4, 10, '2022', 'Winter', 45, 'Fail-Resit'),
(4, 11, '2020', 'Autumn', 38, 'Fail'),
(4, 12, '2023', 'Autumn', 24, 'Fail'),
(4, 13, '2022', 'Spring', 63, 'C+'),
(4, 14, '2022', 'Spring', 62, 'C+'),
(4, 15, '2021', 'Spring', 8, 'Fail'),
(4, 16, '2023', 'Spring', NULL, NULL),
(4, 17, '2021', 'Summer', 65, 'C+'),
(4, 18, '2022', 'Autumn', 0, 'A'),
(4, 19, '2022', 'Autumn', 0, 'A'),
(4, 20, '2022', 'Spring', 91, 'B+'),
(4, 21, '2023', 'Winter', 82, 'B'),
(4, 22, '2023', 'Autumn', 9, 'Fail'),
(4, 23, '2020', 'Summer', 5, 'Fail'),
(4, 24, '2023', 'Summer', NULL, NULL),
(4, 25, '2022', 'Spring', 47, 'Fail-Resit'),
(4, 26, '2023', 'Winter', 20, 'Fail'),
(4, 27, '2022', 'Winter', 12, 'Fail'),
(4, 28, '2022', 'Spring', 80, 'B'),
(4, 29, '2022', 'Winter', 73, 'B-'),
(4, 30, '2021', 'Summer', 12, 'Fail'),
(5, 1, '2020', 'Winter', 3, 'Fail'),
(5, 2, '2021', 'Autumn', 70, 'B-'),
(5, 3, '2021', 'Spring', 63, 'C+'),
(5, 4, '2021', 'Spring', 54, 'C'),
(5, 5, '2023', 'Autumn', 6, 'Fail'),
(5, 6, '2021', 'Autumn', 60, 'C+'),
(5, 7, '2022', 'Spring', 57, 'C'),
(5, 8, '2023', 'Autumn', 92, 'B+'),
(5, 9, '2023', 'Autumn', 30, 'Fail'),
(5, 10, '2021', 'Winter', 97, 'A-'),
(5, 11, '2023', 'Spring', NULL, NULL),
(5, 12, '2022', 'Winter', 41, 'Fail'),
(5, 13, '2021', 'Summer', 92, 'B+'),
(5, 14, '2022', 'Summer', 81, 'B'),
(5, 15, '2020', 'Summer', 92, 'B+'),
(5, 16, '2021', 'Autumn', 50, 'C'),
(5, 17, '2021', 'Winter', 68, 'B-'),
(5, 18, '2022', 'Winter', 33, 'Fail'),
(5, 19, '2021', 'Winter', 75, 'B'),
(5, 20, '2020', 'Summer', 79, 'B'),
(5, 21, '2023', 'Spring', NULL, NULL),
(5, 22, '2021', 'Spring', 49, 'Fail-Resit'),
(5, 23, '2020', 'Autumn', 67, 'C+'),
(5, 24, '2023', 'Autumn', 6, 'Fail'),
(5, 25, '2020', 'Autumn', 5, 'Fail'),
(5, 26, '2020', 'Winter', 51, 'C'),
(5, 27, '2020', 'Spring', 34, 'Fail'),
(5, 28, '2022', 'Summer', 95, 'A-'),
(5, 29, '2020', 'Spring', 41, 'Fail'),
(5, 30, '2023', 'Winter', 88, 'B+'),
(6, 1, '2021', 'Spring', 65, 'C+'),
(6, 2, '2022', 'Summer', 66, 'C+'),
(6, 3, '2022', 'Autumn', 68, 'B-'),
(6, 4, '2020', 'Winter', 76, 'B'),
(6, 5, '2022', 'Summer', 40, 'Fail'),
(6, 6, '2021', 'Summer', 63, 'C+'),
(6, 7, '2022', 'Summer', 9, 'Fail'),
(6, 8, '2021', 'Autumn', 52, 'C'),
(6, 9, '2020', 'Spring', 29, 'Fail'),
(6, 10, '2023', 'Summer', NULL, NULL),
(6, 11, '2023', 'Winter', 14, 'Fail'),
(6, 12, '2021', 'Autumn', 46, 'Fail-Resit'),
(6, 13, '2021', 'Winter', 44, 'Fail'),
(6, 14, '2022', 'Winter', 73, 'B-'),
(6, 15, '2021', 'Summer', 63, 'C+'),
(6, 16, '2022', 'Autumn', 29, 'Fail'),
(6, 17, '2020', 'Autumn', 28, 'Fail'),
(6, 18, '2022', 'Spring', 89, 'B+'),
(6, 19, '2021', 'Summer', 60, 'C+'),
(6, 20, '2020', 'Autumn', 9, 'Fail'),
(6, 21, '2021', 'Autumn', 57, 'C'),
(6, 22, '2022', 'Spring', 94, 'A-'),
(6, 23, '2023', 'Winter', 98, 'A-'),
(6, 24, '2021', 'Summer', 35, 'Fail'),
(6, 25, '2023', 'Winter', 4, 'Fail'),
(6, 26, '2022', 'Spring', 24, 'Fail'),
(6, 27, '2021', 'Autumn', 44, 'Fail'),
(6, 28, '2021', 'Summer', 56, 'C'),
(6, 29, '2023', 'Summer', NULL, NULL),
(6, 30, '2022', 'Autumn', 80, 'B'),
(7, 1, '2022', 'Autumn', 84, 'B+'),
(7, 2, '2023', 'Summer', NULL, NULL),
(7, 3, '2020', 'Autumn', 51, 'C'),
(7, 4, '2021', 'Summer', 36, 'Fail'),
(7, 5, '2021', 'Summer', 72, 'B-'),
(7, 6, '2020', 'Winter', 72, 'B-'),
(7, 7, '2023', 'Autumn', 29, 'Fail'),
(7, 8, '2022', 'Summer', 53, 'C'),
(7, 9, '2022', 'Autumn', 76, 'B'),
(7, 10, '2021', 'Spring', 75, 'B'),
(7, 11, '2020', 'Spring', 32, 'Fail'),
(7, 12, '2020', 'Spring', 73, 'B-'),
(7, 13, '2021', 'Spring', 19, 'Fail'),
(7, 14, '2020', 'Autumn', 78, 'B'),
(7, 15, '2020', 'Spring', 5, 'Fail'),
(7, 16, '2022', 'Winter', 25, 'Fail'),
(7, 17, '2023', 'Spring', NULL, NULL),
(7, 18, '2020', 'Summer', 43, 'Fail'),
(7, 19, '2022', 'Winter', 61, 'C+'),
(7, 20, '2021', 'Summer', 43, 'Fail'),
(7, 21, '2022', 'Summer', 57, 'C'),
(7, 22, '2021', 'Autumn', 19, 'Fail'),
(7, 23, '2021', 'Autumn', 100, 'A'),
(7, 24, '2021', 'Winter', 27, 'Fail'),
(7, 25, '2021', 'Spring', 85, 'B+'),
(7, 26, '2022', 'Summer', 75, 'B'),
(7, 27, '2022', 'Autumn', 36, 'Fail'),
(7, 28, '2021', 'Spring', 65, 'C+'),
(7, 29, '2020', 'Autumn', 21, 'Fail'),
(7, 30, '2022', 'Spring', 78, 'B'),
(8, 1, '2020', 'Spring', 20, 'Fail'),
(8, 2, '2022', 'Spring', 27, 'Fail'),
(8, 3, '2020', 'Winter', 39, 'Fail'),
(8, 4, '2020', 'Spring', 7, 'Fail'),
(8, 5, '2022', 'Winter', 24, 'Fail'),
(8, 6, '2022', 'Spring', 12, 'Fail'),
(8, 7, '2023', 'Spring', NULL, NULL),
(8, 8, '2023', 'Spring', NULL, NULL),
(8, 9, '2023', 'Winter', 27, 'Fail'),
(8, 10, '2020', 'Summer', 86, 'B+'),
(8, 11, '2022', 'Summer', 92, 'B+'),
(8, 12, '2022', 'Spring', 97, 'A-'),
(8, 13, '2021', 'Autumn', 12, 'Fail'),
(8, 14, '2021', 'Spring', 16, 'Fail'),
(8, 15, '2022', 'Spring', 88, 'B+'),
(8, 16, '2023', 'Autumn', 14, 'Fail'),
(8, 17, '2022', 'Winter', 5, 'Fail'),
(8, 18, '2020', 'Spring', 70, 'B-'),
(8, 19, '2020', 'Spring', 37, 'Fail'),
(8, 20, '2020', 'Winter', 49, 'Fail-Resit'),
(8, 21, '2020', 'Winter', 16, 'Fail'),
(8, 22, '2020', 'Winter', 27, 'Fail'),
(8, 23, '2021', 'Summer', 81, 'B'),
(8, 24, '2020', 'Winter', 23, 'Fail'),
(8, 25, '2020', 'Spring', 76, 'B'),
(8, 26, '2021', 'Summer', 25, 'Fail'),
(8, 27, '2020', 'Summer', 11, 'Fail'),
(8, 28, '2023', 'Winter', 30, 'Fail'),
(8, 29, '2022', 'Summer', 68, 'B-'),
(8, 30, '2020', 'Winter', 55, 'C'),
(9, 1, '2020', 'Autumn', 68, 'B-'),
(9, 2, '2023', 'Spring', NULL, NULL),
(9, 3, '2022', 'Winter', 85, 'B+'),
(9, 4, '2020', 'Autumn', 53, 'C'),
(9, 5, '2020', 'Winter', 24, 'Fail'),
(9, 6, '2022', 'Summer', 91, 'B+'),
(9, 7, '2020', 'Winter', 97, 'A-'),
(9, 8, '2022', 'Autumn', 0, 'A'),
(9, 9, '2021', 'Winter', 30, 'Fail'),
(9, 10, '2020', 'Autumn', 7, 'Fail'),
(9, 11, '2021', 'Spring', 56, 'C'),
(9, 12, '2023', 'Spring', NULL, NULL),
(9, 13, '2022', 'Autumn', 13, 'Fail'),
(9, 14, '2021', 'Summer', 36, 'Fail'),
(9, 15, '2022', 'Autumn', 97, 'A-'),
(9, 16, '2023', 'Summer', NULL, NULL),
(9, 17, '2022', 'Summer', 91, 'B+'),
(9, 18, '2021', 'Autumn', 24, 'Fail'),
(9, 19, '2023', 'Winter', 21, 'Fail'),
(9, 20, '2023', 'Autumn', 52, 'C'),
(9, 21, '2021', 'Winter', 0, 'A'),
(9, 22, '2021', 'Winter', 87, 'B+'),
(9, 23, '2020', 'Winter', 32, 'Fail'),
(9, 24, '2020', 'Spring', 30, 'Fail'),
(9, 25, '2023', 'Spring', NULL, NULL),
(9, 26, '2021', 'Autumn', 4, 'Fail'),
(9, 27, '2023', 'Winter', 27, 'Fail'),
(9, 28, '2021', 'Winter', 30, 'Fail'),
(9, 29, '2021', 'Summer', 65, 'C+'),
(9, 30, '2023', 'Spring', NULL, NULL),
(10, 1, '2023', 'Spring', NULL, NULL),
(10, 2, '2023', 'Autumn', 43, 'Fail'),
(10, 3, '2023', 'Spring', NULL, NULL),
(10, 4, '2022', 'Winter', 80, 'B'),
(10, 5, '2023', 'Summer', NULL, NULL),
(10, 6, '2023', 'Autumn', 18, 'Fail'),
(10, 7, '2023', 'Summer', NULL, NULL),
(10, 8, '2022', 'Winter', 12, 'Fail'),
(10, 9, '2020', 'Summer', 13, 'Fail'),
(10, 10, '2021', 'Autumn', 59, 'C+'),
(10, 11, '2023', 'Autumn', 27, 'Fail'),
(10, 12, '2023', 'Winter', 38, 'Fail'),
(10, 13, '2022', 'Winter', 95, 'A-'),
(10, 14, '2022', 'Autumn', 88, 'B+'),
(10, 15, '2021', 'Winter', 33, 'Fail'),
(10, 16, '2023', 'Winter', 77, 'B'),
(10, 17, '2020', 'Spring', 53, 'C'),
(10, 18, '2020', 'Autumn', 74, 'B-'),
(10, 19, '2022', 'Spring', 86, 'B+'),
(10, 20, '2023', 'Winter', 16, 'Fail'),
(10, 21, '2023', 'Summer', NULL, NULL),
(10, 22, '2023', 'Spring', NULL, NULL),
(10, 23, '2022', 'Summer', 39, 'Fail'),
(10, 24, '2020', 'Autumn', 29, 'Fail'),
(10, 25, '2021', 'Autumn', 16, 'Fail'),
(10, 26, '2021', 'Winter', 45, 'Fail-Resit'),
(10, 27, '2023', 'Autumn', 6, 'Fail'),
(10, 28, '2020', 'Winter', 76, 'B'),
(10, 29, '2020', 'Summer', 29, 'Fail'),
(10, 30, '2021', 'Spring', 9, 'Fail'),
(11, 1, '2021', 'Winter', 13, 'Fail'),
(11, 2, '2020', 'Summer', 66, 'C+'),
(11, 3, '2022', 'Spring', 89, 'B+'),
(11, 4, '2022', 'Summer', 73, 'B-'),
(11, 5, '2023', 'Spring', NULL, NULL),
(11, 6, '2020', 'Spring', 95, 'A-'),
(11, 7, '2021', 'Winter', 45, 'Fail-Resit'),
(11, 8, '2021', 'Spring', 17, 'Fail'),
(11, 9, '2021', 'Spring', 62, 'C+'),
(11, 10, '2020', 'Spring', 3, 'Fail'),
(11, 11, '2022', 'Spring', 44, 'Fail'),
(11, 12, '2021', 'Spring', 22, 'Fail'),
(11, 13, '2020', 'Autumn', 93, 'A-'),
(11, 14, '2021', 'Winter', 90, 'B+'),
(11, 15, '2020', 'Winter', 9, 'Fail'),
(11, 16, '2022', 'Summer', 44, 'Fail'),
(11, 17, '2021', 'Autumn', 20, 'Fail'),
(11, 18, '2020', 'Winter', 78, 'B'),
(11, 19, '2020', 'Summer', 86, 'B+'),
(11, 20, '2021', 'Autumn', 30, 'Fail'),
(11, 21, '2023', 'Autumn', 11, 'Fail'),
(11, 22, '2020', 'Summer', 81, 'B'),
(11, 23, '2021', 'Spring', 71, 'B-'),
(11, 24, '2021', 'Spring', 51, 'C'),
(11, 25, '2022', 'Autumn', 85, 'B+'),
(11, 26, '2020', 'Autumn', 64, 'C+'),
(11, 27, '2022', 'Spring', 93, 'A-'),
(11, 28, '2020', 'Autumn', 24, 'Fail'),
(11, 29, '2021', 'Spring', 58, 'C+'),
(11, 30, '2020', 'Spring', 78, 'B'),
(12, 1, '2021', 'Summer', 72, 'B-'),
(12, 2, '2020', 'Spring', 24, 'Fail'),
(12, 3, '2023', 'Summer', NULL, NULL),
(12, 4, '2021', 'Autumn', 16, 'Fail'),
(12, 5, '2022', 'Spring', 64, 'C+'),
(12, 6, '2020', 'Autumn', 18, 'Fail'),
(12, 7, '2021', 'Spring', 81, 'B'),
(12, 8, '2023', 'Winter', 57, 'C'),
(12, 9, '2023', 'Spring', NULL, NULL),
(12, 10, '2022', 'Autumn', 30, 'Fail'),
(12, 11, '2021', 'Autumn', 29, 'Fail'),
(12, 12, '2023', 'Summer', NULL, NULL),
(12, 13, '2020', 'Spring', 60, 'C+'),
(12, 14, '2020', 'Spring', 52, 'C'),
(12, 15, '2022', 'Summer', 36, 'Fail'),
(12, 16, '2020', 'Autumn', 33, 'Fail'),
(12, 17, '2020', 'Winter', 1, 'Fail'),
(12, 18, '2023', 'Autumn', 35, 'Fail'),
(12, 19, '2020', 'Winter', 16, 'Fail'),
(12, 20, '2022', 'Winter', 6, 'Fail'),
(12, 21, '2020', 'Autumn', 86, 'B+'),
(12, 22, '2021', 'Summer', 59, 'C+'),
(12, 23, '2022', 'Spring', 73, 'B-'),
(12, 24, '2022', 'Autumn', 62, 'C+'),
(12, 25, '2020', 'Winter', 33, 'Fail'),
(12, 26, '2020', 'Summer', 72, 'B-'),
(12, 27, '2023', 'Summer', NULL, NULL),
(12, 28, '2020', 'Spring', 79, 'B'),
(12, 29, '2021', 'Autumn', 33, 'Fail'),
(12, 30, '2021', 'Winter', 30, 'Fail'),
(13, 1, '2022', 'Spring', 29, 'Fail'),
(13, 2, '2020', 'Winter', 16, 'Fail'),
(13, 3, '2020', 'Spring', 57, 'C'),
(13, 4, '2023', 'Winter', 49, 'Fail-Resit'),
(13, 5, '2021', 'Autumn', 57, 'C'),
(13, 6, '2022', 'Autumn', 98, 'A-'),
(13, 7, '2022', 'Autumn', 97, 'A-'),
(13, 8, '2020', 'Winter', 4, 'Fail'),
(13, 9, '2020', 'Autumn', 26, 'Fail'),
(13, 10, '2023', 'Autumn', 18, 'Fail'),
(13, 11, '2020', 'Summer', 62, 'C+'),
(13, 12, '2020', 'Autumn', 51, 'C'),
(13, 13, '2020', 'Winter', 1, 'Fail'),
(13, 14, '2020', 'Winter', 77, 'B'),
(13, 15, '2022', 'Winter', 32, 'Fail'),
(13, 16, '2021', 'Summer', 58, 'C+'),
(13, 17, '2023', 'Autumn', 46, 'Fail-Resit'),
(13, 18, '2021', 'Spring', 65, 'C+'),
(13, 19, '2023', 'Spring', NULL, NULL),
(13, 20, '2021', 'Winter', 95, 'A-'),
(13, 21, '2022', 'Autumn', 64, 'C+'),
(13, 22, '2022', 'Summer', 66, 'C+'),
(13, 23, '2022', 'Autumn', 48, 'Fail-Resit'),
(13, 24, '2023', 'Winter', 10, 'Fail'),
(13, 25, '2021', 'Winter', 46, 'Fail-Resit'),
(13, 26, '2023', 'Autumn', 94, 'A-'),
(13, 27, '2023', 'Spring', NULL, NULL),
(13, 28, '2021', 'Autumn', 28, 'Fail'),
(13, 29, '2022', 'Spring', 85, 'B+'),
(13, 30, '2023', 'Autumn', 45, 'Fail-Resit'),
(14, 1, '2023', 'Winter', 70, 'B-'),
(14, 2, '2021', 'Winter', 59, 'C+'),
(14, 3, '2021', 'Summer', 31, 'Fail'),
(14, 4, '2020', 'Summer', 15, 'Fail'),
(14, 5, '2021', 'Spring', 21, 'Fail'),
(14, 6, '2021', 'Winter', 94, 'A-'),
(14, 7, '2020', 'Summer', 55, 'C'),
(14, 8, '2020', 'Autumn', 62, 'C+'),
(14, 9, '2023', 'Summer', NULL, NULL),
(14, 10, '2022', 'Spring', 7, 'Fail'),
(14, 11, '2021', 'Winter', 67, 'C+'),
(14, 12, '2021', 'Winter', 91, 'B+'),
(14, 13, '2022', 'Summer', 41, 'Fail'),
(14, 14, '2021', 'Autumn', 86, 'B+'),
(14, 15, '2023', 'Autumn', 99, 'A-'),
(14, 16, '2021', 'Spring', 57, 'C'),
(14, 17, '2020', 'Summer', 84, 'B+'),
(14, 18, '2023', 'Spring', NULL, NULL),
(14, 19, '2020', 'Autumn', 67, 'C+'),
(14, 20, '2023', 'Summer', NULL, NULL),
(14, 21, '2022', 'Spring', 96, 'A-'),
(14, 22, '2022', 'Winter', 39, 'Fail'),
(14, 23, '2023', 'Autumn', 5, 'Fail'),
(14, 24, '2021', 'Autumn', 70, 'B-'),
(14, 25, '2023', 'Summer', NULL, NULL),
(14, 26, '2020', 'Spring', 36, 'Fail'),
(14, 27, '2021', 'Spring', 25, 'Fail'),
(14, 28, '2023', 'Spring', NULL, NULL),
(14, 29, '2023', 'Winter', 89, 'B+'),
(14, 30, '2020', 'Summer', 86, 'B+'),
(15, 1, '2021', 'Autumn', 74, 'B-'),
(15, 2, '2022', 'Winter', 0, 'A'),
(15, 3, '2020', 'Summer', 88, 'B+'),
(15, 4, '2021', 'Winter', 27, 'Fail'),
(15, 5, '2020', 'Spring', 37, 'Fail'),
(15, 6, '2020', 'Summer', 44, 'Fail'),
(15, 7, '2021', 'Autumn', 81, 'B'),
(15, 8, '2021', 'Winter', 53, 'C'),
(15, 9, '2022', 'Spring', 20, 'Fail'),
(15, 10, '2021', 'Summer', 99, 'A-'),
(15, 11, '2022', 'Winter', 97, 'A-'),
(15, 12, '2022', 'Summer', 71, 'B-'),
(15, 13, '2023', 'Spring', NULL, NULL),
(15, 14, '2020', 'Summer', 22, 'Fail'),
(15, 15, '2021', 'Autumn', 78, 'B'),
(15, 16, '2022', 'Spring', 84, 'B+'),
(15, 17, '2022', 'Autumn', 19, 'Fail'),
(15, 18, '2023', 'Winter', 56, 'C'),
(15, 19, '2023', 'Autumn', 61, 'C+'),
(15, 20, '2022', 'Autumn', 44, 'Fail'),
(15, 21, '2021', 'Summer', 32, 'Fail'),
(15, 22, '2022', 'Autumn', 100, 'A'),
(15, 23, '2023', 'Summer', NULL, NULL),
(15, 24, '2022', 'Spring', 59, 'C+'),
(15, 25, '2020', 'Summer', 42, 'Fail'),
(15, 26, '2021', 'Spring', 39, 'Fail'),
(15, 27, '2020', 'Winter', 61, 'C+'),
(15, 28, '2022', 'Autumn', 21, 'Fail'),
(15, 29, '2022', 'Autumn', 18, 'Fail'),
(15, 30, '2023', 'Summer', NULL, NULL),
(16, 1, '2023', 'Autumn', 89, 'B+'),
(16, 2, '2022', 'Autumn', 59, 'C+'),
(16, 3, '2021', 'Winter', 81, 'B'),
(16, 4, '2023', 'Spring', NULL, NULL),
(16, 5, '2020', 'Autumn', 76, 'B'),
(16, 6, '2022', 'Winter', 23, 'Fail'),
(16, 7, '2020', 'Spring', 41, 'Fail'),
(16, 8, '2021', 'Summer', 59, 'C+'),
(16, 9, '2020', 'Winter', 78, 'B'),
(16, 10, '2022', 'Summer', 17, 'Fail'),
(16, 11, '2023', 'Summer', NULL, NULL),
(16, 12, '2020', 'Winter', 85, 'B+'),
(16, 13, '2023', 'Winter', 83, 'B+'),
(16, 14, '2023', 'Spring', NULL, NULL),
(16, 15, '2023', 'Winter', 59, 'C+'),
(16, 16, '2020', 'Winter', 11, 'Fail'),
(16, 17, '2022', 'Spring', 86, 'B+'),
(16, 18, '2022', 'Summer', 81, 'B'),
(16, 19, '2022', 'Summer', 60, 'C+'),
(16, 20, '2020', 'Spring', 73, 'B-'),
(16, 21, '2020', 'Summer', 69, 'B-'),
(16, 22, '2020', 'Spring', 64, 'C+'),
(16, 23, '2022', 'Winter', 11, 'Fail'),
(16, 24, '2022', 'Summer', 44, 'Fail'),
(16, 25, '2022', 'Winter', 81, 'B'),
(16, 26, '2023', 'Summer', NULL, NULL),
(16, 27, '2022', 'Summer', 48, 'Fail-Resit'),
(16, 28, '2023', 'Summer', NULL, NULL),
(16, 29, '2021', 'Winter', 21, 'Fail'),
(16, 30, '2021', 'Autumn', 19, 'Fail');

CREATE TABLE `course_timetable` (
  `id` int NOT NULL,
  `course_id` int NOT NULL,
  `study_year` year NOT NULL,
  `semester` varchar(255) COLLATE utf8mb4_0900_as_cs NOT NULL,
  `period_start` date NOT NULL,
  `period_end` date NOT NULL,
  `attend_day` tinyint(1) NOT NULL,
  `time_start` time NOT NULL,
  `time_end` time NOT NULL,
  `is_active` tinyint(1) NOT NULL,
  `is_delete` tinyint(1) NOT NULL
) ENGINE=InnoDB DEFAULT CHARSET=utf8mb4 COLLATE=utf8mb4_0900_as_cs;

INSERT INTO `course_timetable` (`id`, `course_id`, `study_year`, `semester`, `period_start`, `period_end`, `attend_day`, `time_start`, `time_end`, `is_active`, `is_delete`) VALUES
(3, 1, '2022', 'Winter', '2022-10-01', '2022-12-31', 5, '14:00:00', '15:59:59', 1, 0),
(4, 1, '2023', 'Winter', '2023-10-01', '2023-12-31', 3, '14:00:00', '15:59:59', 1, 0),
(5, 1, '2023', 'Autumn', '2023-07-01', '2023-09-30', 5, '18:00:00', '19:59:59', 1, 0),
(6, 1, '2023', 'Summer', '2024-04-01', '2024-06-30', 5, '18:00:00', '19:59:59', 1, 0),
(7, 1, '2021', 'Winter', '2021-10-01', '2021-12-31', 3, '16:00:00', '17:59:59', 1, 0),
(8, 1, '2021', 'Spring', '2022-01-01', '2022-03-31', 5, '18:00:00', '19:59:59', 1, 0),
(9, 1, '2020', 'Summer', '2021-04-01', '2021-06-30', 4, '11:00:00', '12:59:59', 1, 0),
(10, 1, '2021', 'Autumn', '2021-07-01', '2021-09-30', 5, '16:00:00', '17:59:59', 1, 0),
(11, 1, '2023', 'Spring', '2024-01-01', '2024-03-31', 2, '18:00:00', '19:59:59', 1, 0),
(12, 1, '2021', 'Summer', '2022-04-01', '2022-06-30', 5, '11:00:00', '12:59:59', 1, 0),
(13, 1, '2020', 'Autumn', '2020-07-01', '2020-09-30', 5, '14:00:00', '15:59:59', 1, 0),
(14, 1, '2022', 'Autumn', '2022-07-01', '2022-09-30', 1, '18:00:00', '19:59:59', 1, 0),
(15, 1, '2020', 'Winter', '2020-10-01', '2020-12-31', 2, '14:00:00', '15:59:59', 1, 0),
(16, 2, '2022', 'Summer', '2023-04-01', '2023-06-30', 5, '11:00:00', '12:59:59', 1, 0),
(17, 2, '2021', 'Spring', '2022-01-01', '2022-03-31', 5, '14:00:00', '15:59:59', 1, 0),
(18, 2, '2023', 'Winter', '2023-10-01', '2023-12-31', 1, '18:00:00', '19:59:59', 1, 0),
(19, 2, '2023', 'Autumn', '2023-07-01', '2023-09-30', 5, '18:00:00', '19:59:59', 1, 0),
(20, 2, '2023', 'Spring', '2024-01-01', '2024-03-31', 2, '18:00:00', '19:59:59', 1, 0),
(21, 2, '2021', 'Summer', '2022-04-01', '2022-06-30', 5, '18:00:00', '19:59:59', 1, 0),
(22, 2, '2023', 'Summer', '2024-04-01', '2024-06-30', 1, '14:00:00', '15:59:59', 1, 0),
(23, 2, '2020', 'Winter', '2020-10-01', '2020-12-31', 5, '18:00:00', '19:59:59', 1, 0),
(24, 2, '2020', 'Summer', '2021-04-01', '2021-06-30', 4, '11:00:00', '12:59:59', 1, 0),
(25, 2, '2020', 'Spring', '2021-01-01', '2021-03-31', 3, '11:00:00', '12:59:59', 1, 0),
(26, 2, '2022', 'Winter', '2022-10-01', '2022-12-31', 5, '11:00:00', '12:59:59', 1, 0),
(27, 2, '2020', 'Autumn', '2020-07-01', '2020-09-30', 3, '16:00:00', '17:59:59', 1, 0),
(28, 3, '2020', 'Summer', '2021-04-01', '2021-06-30', 4, '14:00:00', '15:59:59', 1, 0),
(29, 3, '2020', 'Autumn', '2020-07-01', '2020-09-30', 5, '14:00:00', '15:59:59', 1, 0),
(30, 3, '2021', 'Autumn', '2021-07-01', '2021-09-30', 1, '14:00:00', '15:59:59', 1, 0),
(31, 3, '2022', 'Spring', '2023-01-01', '2023-03-31', 2, '18:00:00', '19:59:59', 1, 0),
(32, 3, '2023', 'Winter', '2023-10-01', '2023-12-31', 1, '14:00:00', '15:59:59', 1, 0),
(33, 3, '2022', 'Winter', '2022-10-01', '2022-12-31', 3, '18:00:00', '19:59:59', 1, 0),
(34, 3, '2020', 'Winter', '2020-10-01', '2020-12-31', 2, '11:00:00', '12:59:59', 1, 0),
(35, 3, '2022', 'Autumn', '2022-07-01', '2022-09-30', 2, '11:00:00', '12:59:59', 1, 0),
(36, 3, '2023', 'Autumn', '2023-07-01', '2023-09-30', 4, '11:00:00', '12:59:59', 1, 0),
(37, 3, '2021', 'Winter', '2021-10-01', '2021-12-31', 5, '16:00:00', '17:59:59', 1, 0),
(38, 3, '2023', 'Summer', '2024-04-01', '2024-06-30', 1, '18:00:00', '19:59:59', 1, 0),
(39, 3, '2022', 'Summer', '2023-04-01', '2023-06-30', 2, '14:00:00', '15:59:59', 1, 0),
(40, 3, '2020', 'Spring', '2021-01-01', '2021-03-31', 2, '18:00:00', '19:59:59', 1, 0),
(41, 3, '2023', 'Spring', '2024-01-01', '2024-03-31', 1, '11:00:00', '12:59:59', 1, 0),
(42, 4, '2023', 'Summer', '2024-04-01', '2024-06-30', 2, '14:00:00', '15:59:59', 1, 0),
(43, 4, '2021', 'Summer', '2022-04-01', '2022-06-30', 4, '14:00:00', '15:59:59', 1, 0),
(44, 4, '2022', 'Summer', '2023-04-01', '2023-06-30', 4, '18:00:00', '19:59:59', 1, 0),
(45, 4, '2022', 'Autumn', '2022-07-01', '2022-09-30', 5, '18:00:00', '19:59:59', 1, 0),
(46, 4, '2022', 'Winter', '2022-10-01', '2022-12-31', 2, '14:00:00', '15:59:59', 1, 0),
(47, 4, '2020', 'Spring', '2021-01-01', '2021-03-31', 4, '16:00:00', '17:59:59', 1, 0),
(48, 4, '2020', 'Autumn', '2020-07-01', '2020-09-30', 1, '11:00:00', '12:59:59', 1, 0),
(49, 4, '2023', 'Autumn', '2023-07-01', '2023-09-30', 3, '11:00:00', '12:59:59', 1, 0),
(50, 4, '2022', 'Spring', '2023-01-01', '2023-03-31', 2, '11:00:00', '12:59:59', 1, 0),
(51, 4, '2021', 'Spring', '2022-01-01', '2022-03-31', 3, '14:00:00', '15:59:59', 1, 0),
(52, 4, '2023', 'Spring', '2024-01-01', '2024-03-31', 2, '18:00:00', '19:59:59', 1, 0),
(53, 4, '2023', 'Winter', '2023-10-01', '2023-12-31', 4, '11:00:00', '12:59:59', 1, 0),
(54, 4, '2020', 'Summer', '2021-04-01', '2021-06-30', 5, '16:00:00', '17:59:59', 1, 0),
(55, 5, '2020', 'Winter', '2020-10-01', '2020-12-31', 1, '18:00:00', '19:59:59', 1, 0),
(56, 5, '2021', 'Autumn', '2021-07-01', '2021-09-30', 4, '16:00:00', '17:59:59', 1, 0),
(57, 5, '2021', 'Spring', '2022-01-01', '2022-03-31', 3, '18:00:00', '19:59:59', 1, 0),
(58, 5, '2023', 'Autumn', '2023-07-01', '2023-09-30', 2, '18:00:00', '19:59:59', 1, 0),
(59, 5, '2022', 'Spring', '2023-01-01', '2023-03-31', 2, '11:00:00', '12:59:59', 1, 0),
(60, 5, '2021', 'Winter', '2021-10-01', '2021-12-31', 3, '11:00:00', '12:59:59', 1, 0),
(61, 5, '2023', 'Spring', '2024-01-01', '2024-03-31', 1, '16:00:00', '17:59:59', 1, 0),
(62, 5, '2022', 'Winter', '2022-10-01', '2022-12-31', 4, '14:00:00', '15:59:59', 1, 0),
(63, 5, '2021', 'Summer', '2022-04-01', '2022-06-30', 2, '18:00:00', '19:59:59', 1, 0),
(64, 5, '2022', 'Summer', '2023-04-01', '2023-06-30', 3, '16:00:00', '17:59:59', 1, 0),
(65, 5, '2020', 'Summer', '2021-04-01', '2021-06-30', 5, '11:00:00', '12:59:59', 1, 0),
(66, 5, '2020', 'Autumn', '2020-07-01', '2020-09-30', 4, '14:00:00', '15:59:59', 1, 0),
(67, 5, '2020', 'Spring', '2021-01-01', '2021-03-31', 4, '18:00:00', '19:59:59', 1, 0),
(68, 5, '2023', 'Winter', '2023-10-01', '2023-12-31', 4, '11:00:00', '12:59:59', 1, 0),
(69, 6, '2021', 'Spring', '2022-01-01', '2022-03-31', 5, '16:00:00', '17:59:59', 1, 0),
(70, 6, '2022', 'Summer', '2023-04-01', '2023-06-30', 3, '14:00:00', '15:59:59', 1, 0),
(71, 6, '2022', 'Autumn', '2022-07-01', '2022-09-30', 5, '16:00:00', '17:59:59', 1, 0),
(72, 6, '2020', 'Winter', '2020-10-01', '2020-12-31', 4, '18:00:00', '19:59:59', 1, 0),
(73, 6, '2021', 'Summer', '2022-04-01', '2022-06-30', 1, '16:00:00', '17:59:59', 1, 0),
(74, 6, '2021', 'Autumn', '2021-07-01', '2021-09-30', 1, '18:00:00', '19:59:59', 1, 0),
(75, 6, '2020', 'Spring', '2021-01-01', '2021-03-31', 3, '11:00:00', '12:59:59', 1, 0),
(76, 6, '2023', 'Summer', '2024-04-01', '2024-06-30', 1, '16:00:00', '17:59:59', 1, 0),
(77, 6, '2023', 'Winter', '2023-10-01', '2023-12-31', 3, '18:00:00', '19:59:59', 1, 0),
(78, 6, '2021', 'Winter', '2021-10-01', '2021-12-31', 1, '11:00:00', '12:59:59', 1, 0),
(79, 6, '2022', 'Winter', '2022-10-01', '2022-12-31', 4, '14:00:00', '15:59:59', 1, 0),
(80, 6, '2020', 'Autumn', '2020-07-01', '2020-09-30', 3, '14:00:00', '15:59:59', 1, 0),
(81, 6, '2022', 'Spring', '2023-01-01', '2023-03-31', 4, '14:00:00', '15:59:59', 1, 0),
(82, 7, '2022', 'Autumn', '2022-07-01', '2022-09-30', 2, '16:00:00', '17:59:59', 1, 0),
(83, 7, '2023', 'Summer', '2024-04-01', '2024-06-30', 2, '16:00:00', '17:59:59', 1, 0),
(84, 7, '2020', 'Autumn', '2020-07-01', '2020-09-30', 2, '18:00:00', '19:59:59', 1, 0),
(85, 7, '2021', 'Summer', '2022-04-01', '2022-06-30', 3, '18:00:00', '19:59:59', 1, 0),
(86, 7, '2020', 'Winter', '2020-10-01', '2020-12-31', 3, '11:00:00', '12:59:59', 1, 0),
(87, 7, '2023', 'Autumn', '2023-07-01', '2023-09-30', 1, '16:00:00', '17:59:59', 1, 0),
(88, 7, '2022', 'Summer', '2023-04-01', '2023-06-30', 3, '18:00:00', '19:59:59', 1, 0),
(89, 7, '2021', 'Spring', '2022-01-01', '2022-03-31', 3, '18:00:00', '19:59:59', 1, 0),
(90, 7, '2020', 'Spring', '2021-01-01', '2021-03-31', 2, '18:00:00', '19:59:59', 1, 0),
(91, 7, '2022', 'Winter', '2022-10-01', '2022-12-31', 4, '14:00:00', '15:59:59', 1, 0),
(92, 7, '2023', 'Spring', '2024-01-01', '2024-03-31', 2, '18:00:00', '19:59:59', 1, 0),
(93, 7, '2020', 'Summer', '2021-04-01', '2021-06-30', 2, '14:00:00', '15:59:59', 1, 0),
(94, 7, '2021', 'Autumn', '2021-07-01', '2021-09-30', 3, '18:00:00', '19:59:59', 1, 0),
(95, 7, '2021', 'Winter', '2021-10-01', '2021-12-31', 5, '14:00:00', '15:59:59', 1, 0),
(96, 7, '2022', 'Spring', '2023-01-01', '2023-03-31', 1, '16:00:00', '17:59:59', 1, 0),
(97, 8, '2020', 'Spring', '2021-01-01', '2021-03-31', 2, '16:00:00', '17:59:59', 1, 0),
(98, 8, '2022', 'Spring', '2023-01-01', '2023-03-31', 3, '14:00:00', '15:59:59', 1, 0),
(99, 8, '2020', 'Winter', '2020-10-01', '2020-12-31', 5, '16:00:00', '17:59:59', 1, 0),
(100, 8, '2022', 'Winter', '2022-10-01', '2022-12-31', 1, '11:00:00', '12:59:59', 1, 0),
(101, 8, '2023', 'Spring', '2024-01-01', '2024-03-31', 5, '16:00:00', '17:59:59', 1, 0),
(102, 8, '2023', 'Winter', '2023-10-01', '2023-12-31', 3, '18:00:00', '19:59:59', 1, 0),
(103, 8, '2020', 'Summer', '2021-04-01', '2021-06-30', 5, '14:00:00', '15:59:59', 1, 0),
(104, 8, '2022', 'Summer', '2023-04-01', '2023-06-30', 4, '18:00:00', '19:59:59', 1, 0),
(105, 8, '2021', 'Autumn', '2021-07-01', '2021-09-30', 4, '11:00:00', '12:59:59', 1, 0),
(106, 8, '2021', 'Spring', '2022-01-01', '2022-03-31', 3, '16:00:00', '17:59:59', 1, 0),
(107, 8, '2023', 'Autumn', '2023-07-01', '2023-09-30', 2, '14:00:00', '15:59:59', 1, 0),
(108, 8, '2021', 'Summer', '2022-04-01', '2022-06-30', 1, '16:00:00', '17:59:59', 1, 0),
(109, 9, '2020', 'Autumn', '2020-07-01', '2020-09-30', 2, '11:00:00', '12:59:59', 1, 0),
(110, 9, '2023', 'Spring', '2024-01-01', '2024-03-31', 4, '18:00:00', '19:59:59', 1, 0),
(111, 9, '2022', 'Winter', '2022-10-01', '2022-12-31', 5, '16:00:00', '17:59:59', 1, 0),
(112, 9, '2020', 'Winter', '2020-10-01', '2020-12-31', 2, '18:00:00', '19:59:59', 1, 0),
(113, 9, '2022', 'Summer', '2023-04-01', '2023-06-30', 1, '11:00:00', '12:59:59', 1, 0),
(114, 9, '2022', 'Autumn', '2022-07-01', '2022-09-30', 5, '18:00:00', '19:59:59', 1, 0),
(115, 9, '2021', 'Winter', '2021-10-01', '2021-12-31', 1, '11:00:00', '12:59:59', 1, 0),
(116, 9, '2021', 'Spring', '2022-01-01', '2022-03-31', 2, '18:00:00', '19:59:59', 1, 0),
(117, 9, '2021', 'Summer', '2022-04-01', '2022-06-30', 1, '11:00:00', '12:59:59', 1, 0),
(118, 9, '2023', 'Summer', '2024-04-01', '2024-06-30', 1, '16:00:00', '17:59:59', 1, 0),
(119, 9, '2021', 'Autumn', '2021-07-01', '2021-09-30', 5, '11:00:00', '12:59:59', 1, 0),
(120, 9, '2023', 'Winter', '2023-10-01', '2023-12-31', 3, '14:00:00', '15:59:59', 1, 0),
(121, 9, '2023', 'Autumn', '2023-07-01', '2023-09-30', 1, '16:00:00', '17:59:59', 1, 0),
(122, 9, '2020', 'Spring', '2021-01-01', '2021-03-31', 5, '18:00:00', '19:59:59', 1, 0),
(123, 10, '2023', 'Spring', '2024-01-01', '2024-03-31', 4, '18:00:00', '19:59:59', 1, 0),
(124, 10, '2023', 'Autumn', '2023-07-01', '2023-09-30', 2, '11:00:00', '12:59:59', 1, 0),
(125, 10, '2022', 'Winter', '2022-10-01', '2022-12-31', 1, '18:00:00', '19:59:59', 1, 0),
(126, 10, '2023', 'Summer', '2024-04-01', '2024-06-30', 3, '16:00:00', '17:59:59', 1, 0),
(127, 10, '2020', 'Summer', '2021-04-01', '2021-06-30', 4, '14:00:00', '15:59:59', 1, 0),
(128, 10, '2021', 'Autumn', '2021-07-01', '2021-09-30', 1, '16:00:00', '17:59:59', 1, 0),
(129, 10, '2023', 'Winter', '2023-10-01', '2023-12-31', 4, '18:00:00', '19:59:59', 1, 0),
(130, 10, '2022', 'Autumn', '2022-07-01', '2022-09-30', 3, '18:00:00', '19:59:59', 1, 0),
(131, 10, '2021', 'Winter', '2021-10-01', '2021-12-31', 1, '11:00:00', '12:59:59', 1, 0),
(132, 10, '2020', 'Spring', '2021-01-01', '2021-03-31', 3, '11:00:00', '12:59:59', 1, 0),
(133, 10, '2020', 'Autumn', '2020-07-01', '2020-09-30', 5, '18:00:00', '19:59:59', 1, 0),
(134, 10, '2022', 'Spring', '2023-01-01', '2023-03-31', 3, '14:00:00', '15:59:59', 1, 0),
(135, 10, '2022', 'Summer', '2023-04-01', '2023-06-30', 5, '16:00:00', '17:59:59', 1, 0),
(136, 10, '2020', 'Winter', '2020-10-01', '2020-12-31', 5, '11:00:00', '12:59:59', 1, 0),
(137, 10, '2021', 'Spring', '2022-01-01', '2022-03-31', 5, '11:00:00', '12:59:59', 1, 0),
(138, 11, '2021', 'Winter', '2021-10-01', '2021-12-31', 4, '11:00:00', '12:59:59', 1, 0),
(139, 11, '2020', 'Summer', '2021-04-01', '2021-06-30', 2, '16:00:00', '17:59:59', 1, 0),
(140, 11, '2022', 'Spring', '2023-01-01', '2023-03-31', 2, '16:00:00', '17:59:59', 1, 0),
(141, 11, '2022', 'Summer', '2023-04-01', '2023-06-30', 2, '18:00:00', '19:59:59', 1, 0),
(142, 11, '2023', 'Spring', '2024-01-01', '2024-03-31', 5, '11:00:00', '12:59:59', 1, 0),
(143, 11, '2020', 'Spring', '2021-01-01', '2021-03-31', 5, '11:00:00', '12:59:59', 1, 0),
(144, 11, '2021', 'Spring', '2022-01-01', '2022-03-31', 5, '18:00:00', '19:59:59', 1, 0),
(145, 11, '2020', 'Autumn', '2020-07-01', '2020-09-30', 4, '11:00:00', '12:59:59', 1, 0),
(146, 11, '2020', 'Winter', '2020-10-01', '2020-12-31', 5, '11:00:00', '12:59:59', 1, 0),
(147, 11, '2021', 'Autumn', '2021-07-01', '2021-09-30', 4, '18:00:00', '19:59:59', 1, 0),
(148, 11, '2023', 'Autumn', '2023-07-01', '2023-09-30', 4, '16:00:00', '17:59:59', 1, 0),
(149, 11, '2022', 'Autumn', '2022-07-01', '2022-09-30', 2, '14:00:00', '15:59:59', 1, 0),
(150, 12, '2021', 'Summer', '2022-04-01', '2022-06-30', 4, '11:00:00', '12:59:59', 1, 0),
(151, 12, '2020', 'Spring', '2021-01-01', '2021-03-31', 3, '11:00:00', '12:59:59', 1, 0),
(152, 12, '2023', 'Summer', '2024-04-01', '2024-06-30', 3, '14:00:00', '15:59:59', 1, 0),
(153, 12, '2021', 'Autumn', '2021-07-01', '2021-09-30', 1, '18:00:00', '19:59:59', 1, 0),
(154, 12, '2022', 'Spring', '2023-01-01', '2023-03-31', 1, '14:00:00', '15:59:59', 1, 0),
(155, 12, '2020', 'Autumn', '2020-07-01', '2020-09-30', 1, '16:00:00', '17:59:59', 1, 0),
(156, 12, '2021', 'Spring', '2022-01-01', '2022-03-31', 2, '11:00:00', '12:59:59', 1, 0),
(157, 12, '2023', 'Winter', '2023-10-01', '2023-12-31', 3, '16:00:00', '17:59:59', 1, 0),
(158, 12, '2023', 'Spring', '2024-01-01', '2024-03-31', 2, '16:00:00', '17:59:59', 1, 0),
(159, 12, '2022', 'Autumn', '2022-07-01', '2022-09-30', 4, '18:00:00', '19:59:59', 1, 0),
(160, 12, '2022', 'Summer', '2023-04-01', '2023-06-30', 5, '11:00:00', '12:59:59', 1, 0),
(161, 12, '2020', 'Winter', '2020-10-01', '2020-12-31', 4, '18:00:00', '19:59:59', 1, 0),
(162, 12, '2023', 'Autumn', '2023-07-01', '2023-09-30', 2, '16:00:00', '17:59:59', 1, 0),
(163, 12, '2022', 'Winter', '2022-10-01', '2022-12-31', 2, '11:00:00', '12:59:59', 1, 0),
(164, 12, '2020', 'Summer', '2021-04-01', '2021-06-30', 4, '18:00:00', '19:59:59', 1, 0),
(165, 12, '2021', 'Winter', '2021-10-01', '2021-12-31', 3, '18:00:00', '19:59:59', 1, 0),
(166, 13, '2022', 'Spring', '2023-01-01', '2023-03-31', 4, '11:00:00', '12:59:59', 1, 0),
(167, 13, '2020', 'Winter', '2020-10-01', '2020-12-31', 4, '11:00:00', '12:59:59', 1, 0),
(168, 13, '2020', 'Spring', '2021-01-01', '2021-03-31', 2, '16:00:00', '17:59:59', 1, 0),
(169, 13, '2023', 'Winter', '2023-10-01', '2023-12-31', 4, '11:00:00', '12:59:59', 1, 0),
(170, 13, '2021', 'Autumn', '2021-07-01', '2021-09-30', 3, '14:00:00', '15:59:59', 1, 0),
(171, 13, '2022', 'Autumn', '2022-07-01', '2022-09-30', 1, '18:00:00', '19:59:59', 1, 0),
(172, 13, '2020', 'Autumn', '2020-07-01', '2020-09-30', 3, '11:00:00', '12:59:59', 1, 0),
(173, 13, '2023', 'Autumn', '2023-07-01', '2023-09-30', 4, '18:00:00', '19:59:59', 1, 0),
(174, 13, '2020', 'Summer', '2021-04-01', '2021-06-30', 1, '11:00:00', '12:59:59', 1, 0),
(175, 13, '2022', 'Winter', '2022-10-01', '2022-12-31', 1, '16:00:00', '17:59:59', 1, 0),
(176, 13, '2021', 'Summer', '2022-04-01', '2022-06-30', 2, '14:00:00', '15:59:59', 1, 0),
(177, 13, '2021', 'Spring', '2022-01-01', '2022-03-31', 1, '14:00:00', '15:59:59', 1, 0),
(178, 13, '2023', 'Spring', '2024-01-01', '2024-03-31', 3, '16:00:00', '17:59:59', 1, 0),
(179, 13, '2021', 'Winter', '2021-10-01', '2021-12-31', 5, '16:00:00', '17:59:59', 1, 0),
(180, 13, '2022', 'Summer', '2023-04-01', '2023-06-30', 1, '14:00:00', '15:59:59', 1, 0),
(181, 14, '2023', 'Winter', '2023-10-01', '2023-12-31', 5, '16:00:00', '17:59:59', 1, 0),
(182, 14, '2021', 'Winter', '2021-10-01', '2021-12-31', 5, '16:00:00', '17:59:59', 1, 0),
(183, 14, '2021', 'Summer', '2022-04-01', '2022-06-30', 3, '18:00:00', '19:59:59', 1, 0),
(184, 14, '2020', 'Summer', '2021-04-01', '2021-06-30', 5, '11:00:00', '12:59:59', 1, 0),
(185, 14, '2021', 'Spring', '2022-01-01', '2022-03-31', 3, '14:00:00', '15:59:59', 1, 0),
(186, 14, '2020', 'Autumn', '2020-07-01', '2020-09-30', 3, '14:00:00', '15:59:59', 1, 0),
(187, 14, '2023', 'Summer', '2024-04-01', '2024-06-30', 2, '14:00:00', '15:59:59', 1, 0),
(188, 14, '2022', 'Spring', '2023-01-01', '2023-03-31', 4, '11:00:00', '12:59:59', 1, 0),
(189, 14, '2022', 'Summer', '2023-04-01', '2023-06-30', 4, '14:00:00', '15:59:59', 1, 0),
(190, 14, '2021', 'Autumn', '2021-07-01', '2021-09-30', 4, '11:00:00', '12:59:59', 1, 0),
(191, 14, '2023', 'Autumn', '2023-07-01', '2023-09-30', 1, '18:00:00', '19:59:59', 1, 0),
(192, 14, '2023', 'Spring', '2024-01-01', '2024-03-31', 5, '16:00:00', '17:59:59', 1, 0),
(193, 14, '2022', 'Winter', '2022-10-01', '2022-12-31', 4, '11:00:00', '12:59:59', 1, 0),
(194, 14, '2020', 'Spring', '2021-01-01', '2021-03-31', 3, '14:00:00', '15:59:59', 1, 0),
(195, 15, '2021', 'Autumn', '2021-07-01', '2021-09-30', 5, '18:00:00', '19:59:59', 1, 0),
(196, 15, '2022', 'Winter', '2022-10-01', '2022-12-31', 2, '16:00:00', '17:59:59', 1, 0),
(197, 15, '2020', 'Summer', '2021-04-01', '2021-06-30', 4, '16:00:00', '17:59:59', 1, 0),
(198, 15, '2021', 'Winter', '2021-10-01', '2021-12-31', 2, '16:00:00', '17:59:59', 1, 0),
(199, 15, '2020', 'Spring', '2021-01-01', '2021-03-31', 1, '11:00:00', '12:59:59', 1, 0),
(200, 15, '2022', 'Spring', '2023-01-01', '2023-03-31', 5, '18:00:00', '19:59:59', 1, 0),
(201, 15, '2021', 'Summer', '2022-04-01', '2022-06-30', 3, '16:00:00', '17:59:59', 1, 0),
(202, 15, '2022', 'Summer', '2023-04-01', '2023-06-30', 3, '14:00:00', '15:59:59', 1, 0),
(203, 15, '2023', 'Spring', '2024-01-01', '2024-03-31', 5, '14:00:00', '15:59:59', 1, 0),
(204, 15, '2022', 'Autumn', '2022-07-01', '2022-09-30', 5, '16:00:00', '17:59:59', 1, 0),
(205, 15, '2023', 'Winter', '2023-10-01', '2023-12-31', 2, '11:00:00', '12:59:59', 1, 0),
(206, 15, '2023', 'Autumn', '2023-07-01', '2023-09-30', 3, '18:00:00', '19:59:59', 1, 0),
(207, 15, '2023', 'Summer', '2024-04-01', '2024-06-30', 4, '16:00:00', '17:59:59', 1, 0),
(208, 15, '2021', 'Spring', '2022-01-01', '2022-03-31', 5, '14:00:00', '15:59:59', 1, 0),
(209, 15, '2020', 'Winter', '2020-10-01', '2020-12-31', 2, '16:00:00', '17:59:59', 1, 0),
(210, 16, '2023', 'Autumn', '2023-07-01', '2023-09-30', 4, '14:00:00', '15:59:59', 1, 0),
(211, 16, '2022', 'Autumn', '2022-07-01', '2022-09-30', 1, '14:00:00', '15:59:59', 1, 0),
(212, 16, '2021', 'Winter', '2021-10-01', '2021-12-31', 2, '11:00:00', '12:59:59', 1, 0),
(213, 16, '2023', 'Spring', '2024-01-01', '2024-03-31', 1, '16:00:00', '17:59:59', 1, 0),
(214, 16, '2020', 'Autumn', '2020-07-01', '2020-09-30', 4, '14:00:00', '15:59:59', 1, 0),
(215, 16, '2022', 'Winter', '2022-10-01', '2022-12-31', 5, '11:00:00', '12:59:59', 1, 0),
(216, 16, '2020', 'Spring', '2021-01-01', '2021-03-31', 1, '18:00:00', '19:59:59', 1, 0),
(217, 16, '2021', 'Summer', '2022-04-01', '2022-06-30', 1, '14:00:00', '15:59:59', 1, 0),
(218, 16, '2020', 'Winter', '2020-10-01', '2020-12-31', 1, '16:00:00', '17:59:59', 1, 0),
(219, 16, '2022', 'Summer', '2023-04-01', '2023-06-30', 3, '14:00:00', '15:59:59', 1, 0),
(220, 16, '2023', 'Summer', '2024-04-01', '2024-06-30', 1, '14:00:00', '15:59:59', 1, 0),
(221, 16, '2023', 'Winter', '2023-10-01', '2023-12-31', 2, '14:00:00', '15:59:59', 1, 0),
(222, 16, '2022', 'Spring', '2023-01-01', '2023-03-31', 4, '14:00:00', '15:59:59', 1, 0),
(223, 16, '2020', 'Summer', '2021-04-01', '2021-06-30', 4, '18:00:00', '19:59:59', 1, 0),
(224, 16, '2021', 'Autumn', '2021-07-01', '2021-09-30', 3, '11:00:00', '12:59:59', 1, 0);

CREATE TABLE `program` (
  `id` int NOT NULL,
  `code` varchar(255) COLLATE utf8mb4_0900_as_cs NOT NULL,
  `name` varchar(255) COLLATE utf8mb4_0900_as_cs NOT NULL,
  `description` mediumtext COLLATE utf8mb4_0900_as_cs,
  `is_active` tinyint(1) NOT NULL,
  `is_delete` tinyint(1) NOT NULL
) ENGINE=InnoDB DEFAULT CHARSET=utf8mb4 COLLATE=utf8mb4_0900_as_cs;

INSERT INTO `program` (`id`, `code`, `name`, `description`, `is_active`, `is_delete`) VALUES
(1, 'BSCHCSJ', 'Bachelor of Science with Honours in Computer Science programme', 'Contrary to popular belief, Lorem Ipsum is not simply random text. It has roots in a piece of classical Latin literature from 45 BC, making it over 2000 years old. Richard McClintock, a Latin professor at Hampden-Sydney College in Virginia, looked up one of the more obscure Latin words, consectetur, from a Lorem Ipsum passage, and going through the cites of the word in classical literature, discovered the undoubtable source. Lorem Ipsum comes from sections 1.10.32 and 1.10.33 of \"de Finibus Bonorum et Malorum\" (The Extremes of Good and Evil) by Cicero, written in 45 BC. This book is a treatise on the theory of ethics, very popular during the Renaissance. The first line of Lorem Ipsum, \"Lorem ipsum dolor sit amet..\", comes from a line in section 1.10.32.\r\n\r\nThe standard chunk of Lorem Ipsum used since the 1500s is reproduced below for those interested. Sections 1.10.32 and 1.10.33 from \"de Finibus Bonorum et Malorum\" by Cicero are also reproduced in their exact original form, accompanied by English versions from the 1914 translation by H. Rackham.', 1, 0),
(2, 'BSCHDSAIJS', 'Bachelor of Science with Honours in Data Science and Artificial Intelligence programme', 'Contrary to popular belief, Lorem Ipsum is not simply random text. It has roots in a piece of classical Latin literature from 45 BC, making it over 2000 years old. Richard McClintock, a Latin professor at Hampden-Sydney College in Virginia, looked up one of the more obscure Latin words, consectetur, from a Lorem Ipsum passage, and going through the cites of the word in classical literature, discovered the undoubtable source. Lorem Ipsum comes from sections 1.10.32 and 1.10.33 of \"de Finibus Bonorum et Malorum\" (The Extremes of Good and Evil) by Cicero, written in 45 BC. This book is a treatise on the theory of ethics, very popular during the Renaissance. The first line of Lorem Ipsum, \"Lorem ipsum dolor sit amet..\", comes from a line in section 1.10.32.\r\n\r\nThe standard chunk of Lorem Ipsum used since the 1500s is reproduced below for those interested. Sections 1.10.32 and 1.10.33 from \"de Finibus Bonorum et Malorum\" by Cicero are also reproduced in their exact original form, accompanied by English versions from the 1914 translation by H. Rackham.', 1, 0),
(3, 'BCOMPHITJ', 'Bachelor of Computing with Honours in Internet Technology programme', 'Contrary to popular belief, Lorem Ipsum is not simply random text. It has roots in a piece of classical Latin literature from 45 BC, making it over 2000 years old. Richard McClintock, a Latin professor at Hampden-Sydney College in Virginia, looked up one of the more obscure Latin words, consectetur, from a Lorem Ipsum passage, and going through the cites of the word in classical literature, discovered the undoubtable source. Lorem Ipsum comes from sections 1.10.32 and 1.10.33 of \"de Finibus Bonorum et Malorum\" (The Extremes of Good and Evil) by Cicero, written in 45 BC. This book is a treatise on the theory of ethics, very popular during the Renaissance. The first line of Lorem Ipsum, \"Lorem ipsum dolor sit amet..\", comes from a line in section 1.10.32.\r\n\r\nThe standard chunk of Lorem Ipsum used since the 1500s is reproduced below for those interested. Sections 1.10.32 and 1.10.33 from \"de Finibus Bonorum et Malorum\" by Cicero are also reproduced in their exact original form, accompanied by English versions from the 1914 translation by H. Rackham.', 1, 0),
(4, 'BAHCIEFS', 'Bachelor of Arts with Honours in Computing and Interactive Entertainment Programme', 'Contrary to popular belief, Lorem Ipsum is not simply random text. It has roots in a piece of classical Latin literature from 45 BC, making it over 2000 years old. Richard McClintock, a Latin professor at Hampden-Sydney College in Virginia, looked up one of the more obscure Latin words, consectetur, from a Lorem Ipsum passage, and going through the cites of the word in classical literature, discovered the undoubtable source. Lorem Ipsum comes from sections 1.10.32 and 1.10.33 of \"de Finibus Bonorum et Malorum\" (The Extremes of Good and Evil) by Cicero, written in 45 BC. This book is a treatise on the theory of ethics, very popular during the Renaissance. The first line of Lorem Ipsum, \"Lorem ipsum dolor sit amet..\", comes from a line in section 1.10.32.\r\n\r\nThe standard chunk of Lorem Ipsum used since the 1500s is reproduced below for those interested. Sections 1.10.32 and 1.10.33 from \"de Finibus Bonorum et Malorum\" by Cicero are also reproduced in their exact original form, accompanied by English versions from the 1914 translation by H. Rackham.', 1, 0);

CREATE TABLE `program_course_relation` (
  `program_id` int NOT NULL,
  `course_id` int NOT NULL
) ENGINE=InnoDB DEFAULT CHARSET=utf8mb4 COLLATE=utf8mb4_0900_as_cs;

INSERT INTO `program_course_relation` (`program_id`, `course_id`) VALUES
(1, 1),
(1, 2),
(1, 3),
(1, 9),
(1, 10),
(1, 11),
(2, 4),
(2, 5),
(2, 12),
(2, 13),
(3, 6),
(3, 7),
(3, 14),
(3, 15),
(4, 8),
(4, 16),
(4, 17);

CREATE TABLE `student_course_relation` (
  `student_id` int NOT NULL,
  `course_id` int NOT NULL
) ENGINE=InnoDB DEFAULT CHARSET=utf8mb4 COLLATE=utf8mb4_0900_as_cs;

INSERT INTO `student_course_relation` (`student_id`, `course_id`) VALUES
(1, 1),
(1, 2),
(1, 3),
(1, 4),
(1, 5),
(1, 6),
(1, 7),
(1, 8),
(1, 9),
(1, 10),
(1, 11),
(1, 12),
(1, 13),
(1, 14),
(1, 15),
(1, 16),
(2, 1),
(2, 2),
(2, 3),
(2, 4),
(2, 5),
(2, 6),
(2, 7),
(2, 8),
(2, 9),
(2, 10),
(2, 11),
(2, 12),
(2, 13),
(2, 14),
(2, 15),
(2, 16),
(3, 1),
(3, 2),
(3, 3),
(3, 4),
(3, 5),
(3, 6),
(3, 7),
(3, 8),
(3, 9),
(3, 10),
(3, 11),
(3, 12),
(3, 13),
(3, 14),
(3, 15),
(3, 16),
(4, 1),
(4, 2),
(4, 3),
(4, 4),
(4, 5),
(4, 6),
(4, 7),
(4, 8),
(4, 9),
(4, 10),
(4, 11),
(4, 12),
(4, 13),
(4, 14),
(4, 15),
(4, 16),
(5, 1),
(5, 2),
(5, 3),
(5, 4),
(5, 5),
(5, 6),
(5, 7),
(5, 8),
(5, 9),
(5, 10),
(5, 11),
(5, 12),
(5, 13),
(5, 14),
(5, 15),
(5, 16),
(6, 1),
(6, 2),
(6, 3),
(6, 4),
(6, 5),
(6, 6),
(6, 7),
(6, 8),
(6, 9),
(6, 10),
(6, 11),
(6, 12),
(6, 13),
(6, 14),
(6, 15),
(6, 16),
(7, 1),
(7, 2),
(7, 3),
(7, 4),
(7, 5),
(7, 6),
(7, 7),
(7, 8),
(7, 9),
(7, 10),
(7, 11),
(7, 12),
(7, 13),
(7, 14),
(7, 15),
(7, 16),
(8, 1),
(8, 2),
(8, 3),
(8, 4),
(8, 5),
(8, 6),
(8, 7),
(8, 8),
(8, 9),
(8, 10),
(8, 11),
(8, 12),
(8, 13),
(8, 14),
(8, 15),
(8, 16),
(9, 1),
(9, 2),
(9, 3),
(9, 4),
(9, 5),
(9, 6),
(9, 7),
(9, 8),
(9, 9),
(9, 10),
(9, 11),
(9, 12),
(9, 13),
(9, 14),
(9, 15),
(9, 16),
(10, 1),
(10, 2),
(10, 3),
(10, 4),
(10, 5),
(10, 6),
(10, 7),
(10, 8),
(10, 9),
(10, 10),
(10, 11),
(10, 12),
(10, 13),
(10, 14),
(10, 15),
(10, 16),
(11, 1),
(11, 2),
(11, 3),
(11, 4),
(11, 5),
(11, 6),
(11, 7),
(11, 8),
(11, 9),
(11, 10),
(11, 11),
(11, 12),
(11, 13),
(11, 14),
(11, 15),
(11, 16),
(12, 1),
(12, 2),
(12, 3),
(12, 4),
(12, 5),
(12, 6),
(12, 7),
(12, 8),
(12, 9),
(12, 10),
(12, 11),
(12, 12),
(12, 13),
(12, 14),
(12, 15),
(12, 16),
(13, 1),
(13, 2),
(13, 3),
(13, 4),
(13, 5),
(13, 6),
(13, 7),
(13, 8),
(13, 9),
(13, 10),
(13, 11),
(13, 12),
(13, 13),
(13, 14),
(13, 15),
(13, 16),
(14, 1),
(14, 2),
(14, 3),
(14, 4),
(14, 5),
(14, 6),
(14, 7),
(14, 8),
(14, 9),
(14, 10),
(14, 11),
(14, 12),
(14, 13),
(14, 14),
(14, 15),
(14, 16),
(15, 1),
(15, 2),
(15, 3),
(15, 4),
(15, 5),
(15, 6),
(15, 7),
(15, 8),
(15, 9),
(15, 10),
(15, 11),
(15, 12),
(15, 13),
(15, 14),
(15, 15),
(15, 16),
(16, 1),
(16, 2),
(16, 3),
(16, 4),
(16, 5),
(16, 6),
(16, 7),
(16, 8),
(16, 9),
(16, 10),
(16, 11),
(16, 12),
(16, 13),
(16, 14),
(16, 15),
(16, 16),
(17, 1),
(17, 2),
(17, 3),
(17, 4),
(17, 5),
(17, 6),
(17, 7),
(17, 8),
(17, 9),
(17, 10),
(17, 11),
(17, 12),
(17, 13),
(17, 14),
(17, 15),
(17, 16),
(18, 1),
(18, 2),
(18, 3),
(18, 4),
(18, 5),
(18, 6),
(18, 7),
(18, 8),
(18, 9),
(18, 10),
(18, 11),
(18, 12),
(18, 13),
(18, 14),
(18, 15),
(18, 16),
(19, 1),
(19, 2),
(19, 3),
(19, 4),
(19, 5),
(19, 6),
(19, 7),
(19, 8),
(19, 9),
(19, 10),
(19, 11),
(19, 12),
(19, 13),
(19, 14),
(19, 15),
(19, 16),
(20, 1),
(20, 2),
(20, 3),
(20, 4),
(20, 5),
(20, 6),
(20, 7),
(20, 8),
(20, 9),
(20, 10),
(20, 11),
(20, 12),
(20, 13),
(20, 14),
(20, 15),
(20, 16),
(21, 1),
(21, 2),
(21, 3),
(21, 4),
(21, 5),
(21, 6),
(21, 7),
(21, 8),
(21, 9),
(21, 10),
(21, 11),
(21, 12),
(21, 13),
(21, 14),
(21, 15),
(21, 16),
(22, 1),
(22, 2),
(22, 3),
(22, 4),
(22, 5),
(22, 6),
(22, 7),
(22, 8),
(22, 9),
(22, 10),
(22, 11),
(22, 12),
(22, 13),
(22, 14),
(22, 15),
(22, 16),
(23, 1),
(23, 2),
(23, 3),
(23, 4),
(23, 5),
(23, 6),
(23, 7),
(23, 8),
(23, 9),
(23, 10),
(23, 11),
(23, 12),
(23, 13),
(23, 14),
(23, 15),
(23, 16),
(24, 1),
(24, 2),
(24, 3),
(24, 4),
(24, 5),
(24, 6),
(24, 7),
(24, 8),
(24, 9),
(24, 10),
(24, 11),
(24, 12),
(24, 13),
(24, 14),
(24, 15),
(24, 16),
(25, 1),
(25, 2),
(25, 3),
(25, 4),
(25, 5),
(25, 6),
(25, 7),
(25, 8),
(25, 9),
(25, 10),
(25, 11),
(25, 12),
(25, 13),
(25, 14),
(25, 15),
(25, 16),
(26, 1),
(26, 2),
(26, 3),
(26, 4),
(26, 5),
(26, 6),
(26, 7),
(26, 8),
(26, 9),
(26, 10),
(26, 11),
(26, 12),
(26, 13),
(26, 14),
(26, 15),
(26, 16),
(27, 1),
(27, 2),
(27, 3),
(27, 4),
(27, 5),
(27, 6),
(27, 7),
(27, 8),
(27, 9),
(27, 10),
(27, 11),
(27, 12),
(27, 13),
(27, 14),
(27, 15),
(27, 16),
(28, 1),
(28, 2),
(28, 3),
(28, 4),
(28, 5),
(28, 6),
(28, 7),
(28, 8),
(28, 9),
(28, 10),
(28, 11),
(28, 12),
(28, 13),
(28, 14),
(28, 15),
(28, 16),
(29, 1),
(29, 2),
(29, 3),
(29, 4),
(29, 5),
(29, 6),
(29, 7),
(29, 8),
(29, 9),
(29, 10),
(29, 11),
(29, 12),
(29, 13),
(29, 14),
(29, 15),
(29, 16),
(30, 1),
(30, 2),
(30, 3),
(30, 4),
(30, 5),
(30, 6),
(30, 7),
(30, 8),
(30, 9),
(30, 10),
(30, 11),
(30, 12),
(30, 13),
(30, 14),
(30, 15),
(30, 16);

CREATE TABLE `student_program_relation` (
  `student_id` int NOT NULL,
  `program_id` int NOT NULL
) ENGINE=InnoDB DEFAULT CHARSET=utf8mb4 COLLATE=utf8mb4_0900_as_cs;

INSERT INTO `student_program_relation` (`student_id`, `program_id`) VALUES
(1, 1),
(2, 2),
(3, 2),
(4, 1),
(5, 4),
(6, 3),
(7, 3),
(8, 2),
(9, 4),
(10, 3),
(11, 3),
(12, 2),
(13, 1),
(14, 4),
(15, 3),
(16, 1),
(17, 1),
(18, 4),
(19, 3),
(20, 2),
(21, 3),
(22, 2),
(23, 1),
(24, 3),
(25, 3),
(26, 1),
(27, 4),
(28, 4),
(29, 3),
(30, 4);

CREATE TABLE `student_session` (
  `datetime` datetime NOT NULL,
  `session_id` varchar(255) COLLATE utf8mb4_0900_as_cs NOT NULL,
  `user_id` int NOT NULL
) ENGINE=InnoDB DEFAULT CHARSET=utf8mb4 COLLATE=utf8mb4_0900_as_cs;

CREATE TABLE `student_user` (
  `id` int NOT NULL,
  `student_id` varchar(255) COLLATE utf8mb4_0900_as_cs NOT NULL,
  `name` varchar(255) COLLATE utf8mb4_0900_as_cs NOT NULL,
  `password` varchar(255) COLLATE utf8mb4_0900_as_cs NOT NULL,
  `dob` date DEFAULT NULL,
  `gender` varchar(255) COLLATE utf8mb4_0900_as_cs DEFAULT NULL,
  `phone` varchar(255) COLLATE utf8mb4_0900_as_cs DEFAULT NULL,
  `email` varchar(255) COLLATE utf8mb4_0900_as_cs DEFAULT NULL,
  `is_active` tinyint(1) NOT NULL,
  `is_delete` tinyint(1) NOT NULL
) ENGINE=InnoDB DEFAULT CHARSET=utf8mb4 COLLATE=utf8mb4_0900_as_cs;

INSERT INTO `student_user` (`id`, `student_id`, `name`, `password`, `dob`, `gender`, `phone`, `email`, `is_active`, `is_delete`) VALUES
(1, 's0000001', 'Parker', 'cc03e747a6afbbcbf8be7668acfebee5', '2001-11-02', 'female', '+852 6976 8668', 's0000001@live.hkmu.edu.hk', 1, 0),
(2, 's0000002', 'River', 'cc03e747a6afbbcbf8be7668acfebee5', '2000-11-07', 'female', '+852 4532 7433', 's0000002@live.hkmu.edu.hk', 1, 0),
(3, 's0000003', 'Rowane', 'cc03e747a6afbbcbf8be7668acfebee5', '2002-11-28', 'male', '+852 5353 5332', 's0000003@live.hkmu.edu.hk', 1, 0),
(4, 's0000004', 'Riley', 'cc03e747a6afbbcbf8be7668acfebee5', '2002-11-21', 'female', '+852 6748 4387', 's0000004@live.hkmu.edu.hk', 1, 0),
(5, 's0000005', 'Avery', 'cc03e747a6afbbcbf8be7668acfebee5', '2002-01-02', 'female', '+852 6432 3244', 's0000005@live.hkmu.edu.hk', 1, 0),
(6, 's0000006', 'Logan', 'cc03e747a6afbbcbf8be7668acfebee5', '1999-01-07', 'male', '+852 4456 6545', 's0000006@live.hkmu.edu.hk', 1, 0),
(7, 's0000007', 'Quinn', 'cc03e747a6afbbcbf8be7668acfebee5', '1998-01-28', 'male', '+852 5356 7654', 's0000007@live.hkmu.edu.hk', 1, 0),
(8, 's0000008', 'Jordan', 'cc03e747a6afbbcbf8be7668acfebee5', '1997-01-21', 'female', '+852 6765 6547', 's0000008@live.hkmu.edu.hk', 1, 0),
(9, 's0000009', 'Cameron', 'cc03e747a6afbbcbf8be7668acfebee5', '1996-12-02', 'male', '+852 6675 6754', 's0000009@live.hkmu.edu.hk', 1, 0),
(10, 's0000010', 'Angel', 'cc03e747a6afbbcbf8be7668acfebee5', '2000-12-07', 'female', '+852 4235 4646', 's0000010@live.hkmu.edu.hk', 1, 0),
(11, 's0000011', 'Carter', 'cc03e747a6afbbcbf8be7668acfebee5', '2001-12-28', 'male', '+852 5564 7655', 's0000011@live.hkmu.edu.hk', 1, 0),
(12, 's0000012', 'Ryan', 'cc03e747a6afbbcbf8be7668acfebee5', '2000-12-21', 'male', '+852 6765 6577', 's0000012@live.hkmu.edu.hk', 1, 0),
(13, 's0000013', 'Dylan', 'cc03e747a6afbbcbf8be7668acfebee5', '2000-12-02', 'female', '+852 6766 9855', 's0000013@live.hkmu.edu.hk', 1, 0),
(14, 's0000014', 'Noah', 'cc03e747a6afbbcbf8be7668acfebee5', '2001-12-07', 'male', '+852 4565 6644', 's0000014@live.hkmu.edu.hk', 1, 0),
(15, 's0000015', 'Ezra', 'cc03e747a6afbbcbf8be7668acfebee5', '1996-02-28', 'male', '+852 5244 7665', 's0000015@live.hkmu.edu.hk', 1, 0),
(16, 's0000016', 'Emery', 'cc03e747a6afbbcbf8be7668acfebee5', '1995-03-21', 'male', '+852 6654 6755', 's0000016@live.hkmu.edu.hk', 1, 0),
(17, 's0000017', 'Hunter', 'cc03e747a6afbbcbf8be7668acfebee5', '1994-02-02', 'female', '+852 6452 7654', 's0000017@live.hkmu.edu.hk', 1, 0),
(18, 's0000018', 'Kai', 'cc03e747a6afbbcbf8be7668acfebee5', '1993-02-07', 'male', '+852 4654 6432', 's0000018@live.hkmu.edu.hk', 1, 0),
(19, 's0000019', 'August', 'cc03e747a6afbbcbf8be7668acfebee5', '1992-02-28', 'male', '+852 5654 7654', 's0000019@live.hkmu.edu.hk', 1, 0),
(20, 's0000020', 'Nova', 'cc03e747a6afbbcbf8be7668acfebee5', '1991-02-21', 'female', '+852 6543 7564', 's0000020@live.hkmu.edu.hk', 1, 0),
(21, 's0000021', 'Arbor', 'cc03e747a6afbbcbf8be7668acfebee5', '1990-02-28', 'male', '+852 5523 7685', 's0000021@live.hkmu.edu.hk', 1, 0),
(22, 's0000022', 'Ash', 'cc03e747a6afbbcbf8be7668acfebee5', '1999-02-21', 'female', '+852 6543 5443', 's0000022@live.hkmu.edu.hk', 1, 0),
(23, 's0000023', 'Charlie', 'cc03e747a6afbbcbf8be7668acfebee5', '2000-02-02', 'male', '+852 6543 8543', 's0000023@live.hkmu.edu.hk', 1, 0),
(24, 's0000024', 'Drew', 'cc03e747a6afbbcbf8be7668acfebee5', '2000-02-07', 'male', '+852 4452 6758', 's0000024@live.hkmu.edu.hk', 1, 0),
(25, 's0000025', 'Ellis', 'cc03e747a6afbbcbf8be7668acfebee5', '2000-02-28', 'male', '+852 5543 7436', 's0000025@live.hkmu.edu.hk', 1, 0),
(26, 's0000026', 'Everest', 'cc03e747a6afbbcbf8be7668acfebee5', '2000-12-21', 'male', '+852 6543 8754', 's0000026@live.hkmu.edu.hk', 1, 0),
(27, 's0000027', 'Jett', 'cc03e747a6afbbcbf8be7668acfebee5', '2001-12-02', 'female', '+852 6654 7654', 's0000027@live.hkmu.edu.hk', 1, 0),
(28, 's0000028', 'Lowen', 'cc03e747a6afbbcbf8be7668acfebee5', '2001-12-07', 'male', '+852 4256 6733', 's0000028@live.hkmu.edu.hk', 1, 0),
(29, 's0000029', 'Moss', 'cc03e747a6afbbcbf8be7668acfebee5', '2002-12-28', 'male', '+852 5653 7653', 's0000029@live.hkmu.edu.hk', 1, 0),
(30, 's0000030', 'Oakley', 'cc03e747a6afbbcbf8be7668acfebee5', '2003-12-21', 'male', '+852 6652 6543', 's0000030@live.hkmu.edu.hk', 1, 0);

CREATE TABLE `teacher_course_relation` (
  `teacher_id` int NOT NULL,
  `course_id` int NOT NULL
) ENGINE=InnoDB DEFAULT CHARSET=utf8mb4 COLLATE=utf8mb4_0900_as_cs;

INSERT INTO `teacher_course_relation` (`teacher_id`, `course_id`) VALUES
(1, 1),
(1, 2),
(2, 3),
(2, 4),
(2, 5),
(3, 6),
(3, 7),
(4, 8),
(4, 9),
(5, 10),
(5, 11),
(6, 12),
(7, 13),
(7, 14),
(8, 15),
(9, 16),
(10, 17);

CREATE TABLE `teacher_program_relation` (
  `teacher_id` int NOT NULL,
  `program_id` int NOT NULL
) ENGINE=InnoDB DEFAULT CHARSET=utf8mb4 COLLATE=utf8mb4_0900_as_cs;

INSERT INTO `teacher_program_relation` (`teacher_id`, `program_id`) VALUES
(1, 1),
(1, 2),
(2, 3),
(3, 3),
(4, 4),
(5, 2),
(6, 3),
(7, 4),
(8, 1),
(9, 2),
(10, 4);

CREATE TABLE `teacher_session` (
  `datetime` datetime NOT NULL,
  `session_id` varchar(255) COLLATE utf8mb4_0900_as_cs NOT NULL,
  `user_id` int NOT NULL
) ENGINE=InnoDB DEFAULT CHARSET=utf8mb4 COLLATE=utf8mb4_0900_as_cs;

CREATE TABLE `teacher_user` (
  `id` int NOT NULL,
  `login_id` varchar(255) COLLATE utf8mb4_0900_as_cs NOT NULL,
  `name` varchar(255) COLLATE utf8mb4_0900_as_cs NOT NULL,
  `password` varchar(255) COLLATE utf8mb4_0900_as_cs NOT NULL,
  `role` varchar(20) COLLATE utf8mb4_0900_as_cs NOT NULL,
  `dob` date DEFAULT NULL,
  `gender` varchar(255) COLLATE utf8mb4_0900_as_cs DEFAULT NULL,
  `phone` varchar(255) COLLATE utf8mb4_0900_as_cs DEFAULT NULL,
  `email` varchar(255) COLLATE utf8mb4_0900_as_cs DEFAULT NULL,
  `is_active` tinyint(1) NOT NULL,
  `is_delete` tinyint(1) NOT NULL
) ENGINE=InnoDB DEFAULT CHARSET=utf8mb4 COLLATE=utf8mb4_0900_as_cs;

INSERT INTO `teacher_user` (`id`, `login_id`, `name`, `password`, `role`, `dob`, `gender`, `phone`, `email`, `is_active`, `is_delete`) VALUES
(1, 'teacher1', 'Noah', 'cc03e747a6afbbcbf8be7668acfebee5', 'program_leader', '1988-11-09', 'female', '+852 6546 6433', 'teacher1@live.hkmu.edu.hk', 1, 0),
(2, 'teacher2', 'James', 'cc03e747a6afbbcbf8be7668acfebee5', 'teacher', '1967-11-08', 'male', '+852 3244 2333', 'teacher2@live.hkmu.edu.hk', 1, 0),
(3, 'teacher3', 'Evelyn', 'cc03e747a6afbbcbf8be7668acfebee5', 'teacher', '1986-11-01', 'female', '+852 4345 6743', 'teacher3@live.hkmu.edu.hk', 1, 0),
(4, 'teacher4', 'Harper', 'cc03e747a6afbbcbf8be7668acfebee5', 'teacher', '1987-12-04', 'male', '+852 3245 5323', 'teacher4@live.hkmu.edu.hk', 1, 0),
(5, 'teacher5', 'Michael', 'cc03e747a6afbbcbf8be7668acfebee5', 'teacher', '1978-11-12', 'male', '+852 4543 4322', 'teacher5@live.hkmu.edu.hk', 1, 0),
(6, 'teacher6', 'Logan', 'cc03e747a6afbbcbf8be7668acfebee5', 'teacher', '1979-11-21', 'female', '+852 3654 4356', 'teacher6@live.hkmu.edu.hk', 1, 0),
(7, 'teacher7', 'Madison', 'cc03e747a6afbbcbf8be7668acfebee5', 'teacher', '1989-12-22', 'male', '+852 4743 2543', 'teacher7@live.hkmu.edu.hk', 1, 0),
(8, 'teacher8', 'Avery', 'cc03e747a6afbbcbf8be7668acfebee5', 'teacher', '1979-02-05', 'female', '+852 3543 5432', 'teacher8@live.hkmu.edu.hk', 1, 0),
(9, 'teacher9', 'Jayden', 'cc03e747a6afbbcbf8be7668acfebee5', 'teacher', '1990-07-15', 'male', '+852 4132 4124', 'teacher9@live.hkmu.edu.hk', 1, 0),
(10, 'teacher10', 'Riley', 'cc03e747a6afbbcbf8be7668acfebee5', 'teacher', '1989-03-07', 'female', '+852 3243 7634', 'teacher10@live.hkmu.edu.hk', 1, 0);

CREATE TABLE `user` (
  `id` int NOT NULL,
  `name` varchar(255) COLLATE utf8mb4_0900_as_cs NOT NULL,
  `password` varchar(255) COLLATE utf8mb4_0900_as_cs NOT NULL,
  `role` varchar(10) COLLATE utf8mb4_0900_as_cs NOT NULL,
  `is_active` tinyint(1) NOT NULL,
  `is_delete` tinyint(1) NOT NULL
) ENGINE=InnoDB DEFAULT CHARSET=utf8mb4 COLLATE=utf8mb4_0900_as_cs;

INSERT INTO `user` (`id`, `name`, `password`, `role`, `is_active`, `is_delete`) VALUES
(1, 'Admin 1', 'test123', 'admin', 1, 0),
(2, 'Teacher 1', 'test123', 'teacher', 1, 0),
(3, 'Student 1', 'test123', 'student', 1, 0);

CREATE TABLE `user_session` (
  `datetime` datetime NOT NULL,
  `session_id` varchar(255) COLLATE utf8mb4_0900_as_cs NOT NULL,
  `user_id` int NOT NULL
) ENGINE=InnoDB DEFAULT CHARSET=utf8mb4 COLLATE=utf8mb4_0900_as_cs;


ALTER TABLE `admin_session`
  ADD PRIMARY KEY (`session_id`,`user_id`);

ALTER TABLE `admin_user`
  ADD PRIMARY KEY (`id`);

ALTER TABLE `course`
  ADD PRIMARY KEY (`id`) USING BTREE;

ALTER TABLE `course_score`
  ADD PRIMARY KEY (`course_id`,`student_id`) USING BTREE;

ALTER TABLE `course_timetable`
  ADD PRIMARY KEY (`id`);

ALTER TABLE `program`
  ADD PRIMARY KEY (`id`) USING BTREE;

ALTER TABLE `program_course_relation`
  ADD PRIMARY KEY (`program_id`,`course_id`);

ALTER TABLE `student_course_relation`
  ADD PRIMARY KEY (`student_id`,`course_id`) USING BTREE;

ALTER TABLE `student_program_relation`
  ADD PRIMARY KEY (`student_id`,`program_id`);

ALTER TABLE `student_session`
  ADD PRIMARY KEY (`session_id`,`user_id`);

ALTER TABLE `student_user`
  ADD PRIMARY KEY (`id`);

ALTER TABLE `teacher_course_relation`
  ADD PRIMARY KEY (`teacher_id`,`course_id`);

ALTER TABLE `teacher_program_relation`
  ADD PRIMARY KEY (`teacher_id`,`program_id`);

ALTER TABLE `teacher_session`
  ADD PRIMARY KEY (`session_id`,`user_id`);

ALTER TABLE `teacher_user`
  ADD PRIMARY KEY (`id`);

ALTER TABLE `user`
  ADD PRIMARY KEY (`id`);

ALTER TABLE `user_session`
  ADD PRIMARY KEY (`session_id`,`user_id`);


ALTER TABLE `admin_user`
  MODIFY `id` int NOT NULL AUTO_INCREMENT, AUTO_INCREMENT=4;

ALTER TABLE `course`
  MODIFY `id` int NOT NULL AUTO_INCREMENT, AUTO_INCREMENT=18;

ALTER TABLE `course_timetable`
  MODIFY `id` int NOT NULL AUTO_INCREMENT, AUTO_INCREMENT=225;

ALTER TABLE `program`
  MODIFY `id` int NOT NULL AUTO_INCREMENT, AUTO_INCREMENT=5;

ALTER TABLE `student_user`
  MODIFY `id` int NOT NULL AUTO_INCREMENT, AUTO_INCREMENT=31;

ALTER TABLE `teacher_user`
  MODIFY `id` int NOT NULL AUTO_INCREMENT, AUTO_INCREMENT=11;

ALTER TABLE `user`
  MODIFY `id` int NOT NULL AUTO_INCREMENT, AUTO_INCREMENT=4;
COMMIT;
